index,plant_number,plant_diversity,rare_exotic,plant_type,PNS,PDS,RES,PTS,PLS
1,82,15,0,5,22.5,94.44,0,100,54.8
2,36,16,0,1,80.0,93.33,0,20,59.67
3,95,14,0,4,6.25,95.56,0,80,47.32
4,55,3,0,0,56.25,30,0,0,27.38
5,28,8,0,4,90.0,80,0,80,67.0
6,26,23,1,1,92.5,85.56,100,20,80.7
7,58,38,1,0,52.5,68.89,100,0,59.86
8,98,21,1,2,2.5,87.78,100,40,57.47
9,36,10,0,2,80.0,100,0,40,65.0
10,14,2,1,0,70,20,100,0,48.0
11,46,23,1,0,67.5,85.56,100,0,70.2
12,94,59,0,3,7.5,45.56,0,60,27.2
13,11,9,1,5,55,90,100,100,83.0
14,80,47,0,5,25.0,58.89,0,100,43.11
15,9,1,0,2,45,10,0,40,23.0
16,11,4,0,3,55,40,0,60,39.5
17,36,30,1,1,80.0,77.78,100,20,74.22
18,48,23,0,5,65.0,85.56,0,100,64.45
19,35,5,0,4,81.25,50,0,80,53.88
20,94,32,0,3,7.5,75.56,0,60,37.7
21,49,18,0,5,63.75,91.11,0,100,66.01
22,42,4,0,0,72.5,40,0,0,35.75
23,41,26,1,0,73.75,82.22,100,0,70.9
24,28,19,1,1,90.0,90.0,100,20,81.5
25,84,64,1,5,20.0,40.0,100,100,55.0
26,59,10,1,1,51.25,100,100,20,73.38
27,32,17,1,4,85.0,92.22,100,80,89.78
28,52,24,0,1,60.0,84.44,0,20,50.55
29,66,64,0,0,42.5,40.0,0,0,26.75
30,15,3,0,5,75,30,0,100,48.0
31,55,39,0,3,56.25,67.78,0,60,49.6
32,49,39,1,4,63.75,67.78,100,80,74.85
33,33,1,0,5,83.75,10,0,100,43.62
34,69,35,1,0,38.75,72.22,100,0,56.9
35,38,28,0,3,77.5,80.0,0,60,60.25
36,1,1,0,4,5,10,0,80,17.0
37,14,14,1,5,70,95.56,100,100,89.45
38,65,26,0,2,43.75,82.22,0,40,47.9
39,98,21,0,4,2.5,87.78,0,80,43.47
40,42,32,0,0,72.5,75.56,0,0,48.2
41,47,20,0,0,66.25,88.89,0,0,50.99
42,31,29,0,0,86.25,78.89,0,0,53.49
43,94,63,0,4,7.5,41.11,0,80,28.64
44,99,17,0,5,1.25,92.22,0,100,47.65
45,61,61,0,2,48.75,43.33,0,40,35.79
46,68,55,0,4,40.0,50.0,0,80,41.5
47,97,94,0,5,3.75,6.67,0,100,18.46
48,40,26,1,3,75.0,82.22,100,60,80.28
49,67,58,0,1,41.25,46.67,0,20,31.71
50,29,3,1,0,88.75,30,100,0,57.12
51,76,71,0,4,30.0,32.22,0,80,32.28
52,29,1,0,5,88.75,10,0,100,45.12
53,81,8,0,0,23.75,80,0,0,35.12
54,5,3,0,4,25,30,0,80,30.0
55,31,9,1,1,86.25,90,100,20,80.38
56,70,17,1,1,37.5,92.22,100,20,66.53
57,61,52,1,1,48.75,53.33,100,20,56.29
58,13,2,1,2,65,20,100,40,52.5
59,55,27,1,5,56.25,81.11,100,100,80.26
60,7,6,0,0,35,60,0,0,31.5
61,52,47,1,0,60.0,58.89,100,0,58.61
62,32,13,0,4,85.0,96.67,0,80,71.33
63,58,9,1,1,52.5,90,100,20,70.25
64,36,30,0,0,80.0,77.78,0,0,51.22
65,57,52,0,0,53.75,53.33,0,0,34.79
66,84,70,0,0,20.0,33.33,0,0,17.67
67,97,31,0,3,3.75,76.67,0,60,36.96
68,63,31,0,3,46.25,76.67,0,60,49.71
69,8,3,1,0,40,30,100,0,42.5
70,50,17,1,2,62.5,92.22,100,40,77.03
71,55,45,1,1,56.25,61.11,100,20,61.26
72,25,10,0,0,93.75,100,0,0,63.12
73,75,70,0,5,31.25,33.33,0,100,36.04
74,41,4,0,4,73.75,40,0,80,48.12
75,62,33,0,0,47.5,74.44,0,0,40.3
76,66,11,0,0,42.5,98.89,0,0,47.36
77,77,9,0,3,28.75,90,0,60,49.12
78,16,8,0,4,80,80,0,80,64.0
79,11,7,1,2,55,70,100,40,67.0
80,27,22,1,1,91.25,86.67,100,20,80.71
81,34,26,0,5,82.5,82.22,0,100,68.53
82,83,39,1,2,21.25,67.78,100,40,56.1
83,97,10,0,3,3.75,100,0,60,45.12
84,80,73,0,0,25.0,30.0,0,0,18.0
85,69,28,1,1,38.75,80.0,100,20,62.62
86,45,5,0,2,68.75,50,0,40,44.12
87,37,11,1,4,78.75,98.89,100,80,90.24
88,91,39,0,5,11.25,67.78,0,100,42.1
89,71,39,0,1,36.25,67.78,0,20,37.6
90,34,8,0,5,82.5,80,0,100,67.75
91,71,20,1,2,36.25,88.89,100,40,67.99
92,78,27,1,1,27.5,81.11,100,20,59.64
93,88,82,1,4,15.0,20.0,100,80,43.5
94,63,17,0,0,46.25,92.22,0,0,46.15
95,82,55,1,0,22.5,50.0,100,0,44.25
96,1,1,0,5,5,10,0,100,20.0
97,34,11,1,4,82.5,98.89,100,80,91.36
98,91,55,0,0,11.25,50.0,0,0,20.88
99,10,3,0,2,50,30,0,40,31.5
100,75,71,0,3,31.25,32.22,0,60,29.65
101,17,2,1,2,85,20,100,40,58.5
102,6,3,0,5,30,30,0,100,34.5
103,32,7,1,4,85.0,70,100,80,82.0
104,53,40,0,1,58.75,66.67,0,20,43.96
105,21,6,1,0,98.75,60,100,0,70.62
106,23,11,1,5,96.25,98.89,100,100,98.49
107,95,32,1,1,6.25,75.56,100,20,51.32
108,90,14,1,0,12.5,95.56,100,0,57.2
109,61,15,0,3,48.75,94.44,0,60,56.68
110,45,20,0,1,68.75,88.89,0,20,54.74
111,4,2,1,2,20,20,100,40,39.0
112,36,5,1,2,80.0,50,100,40,67.5
113,83,66,1,5,21.25,37.78,100,100,54.6
114,69,43,0,0,38.75,63.33,0,0,33.79
115,34,12,1,0,82.5,97.78,100,0,78.97
116,14,10,1,2,70,100,100,40,82.0
117,94,41,1,4,7.5,65.56,100,80,57.2
118,66,15,1,4,42.5,94.44,100,80,77.8
119,25,9,0,5,93.75,90,0,100,74.62
120,56,1,0,2,55.0,10,0,40,26.0
121,56,5,1,4,55.0,50,100,80,66.0
122,41,8,1,4,73.75,80,100,80,82.12
123,40,27,1,3,75.0,81.11,100,60,79.89
124,90,38,0,1,12.5,68.89,0,20,30.86
125,54,43,1,5,57.5,63.33,100,100,74.42
126,96,23,1,3,5.0,85.56,100,60,60.45
127,71,1,1,2,36.25,10,100,40,40.38
128,27,14,1,3,91.25,95.56,100,60,89.82
129,57,29,0,4,53.75,78.89,0,80,55.74
130,61,51,0,5,48.75,54.44,0,100,48.68
131,11,5,1,0,55,50,100,0,54.0
132,97,31,1,1,3.75,76.67,100,20,50.96
133,26,5,0,0,92.5,50,0,0,45.25
134,32,31,0,3,85.0,76.67,0,60,61.33
135,54,41,0,5,57.5,65.56,0,100,55.2
136,90,50,1,3,12.5,55.56,100,60,52.2
137,32,10,0,0,85.0,100,0,0,60.5
138,100,55,0,1,0.0,50.0,0,20,20.5
139,90,67,1,0,12.5,36.67,100,0,36.58
140,72,32,0,3,35.0,75.56,0,60,45.95
141,18,15,1,3,90,94.44,100,60,89.05
142,79,65,1,4,26.25,38.89,100,80,53.49
143,58,58,0,5,52.5,46.67,0,100,47.08
144,61,29,1,1,48.75,78.89,100,20,65.24
145,82,36,1,5,22.5,71.11,100,100,66.64
146,31,9,1,0,86.25,90,100,0,77.38
147,92,37,0,2,10.0,70.0,0,40,33.5
148,43,21,0,1,71.25,87.78,0,20,55.1
149,20,8,1,5,100,80,100,100,93.0
150,20,7,0,3,100,70,0,60,63.5
151,53,22,1,3,58.75,86.67,100,60,76.96
152,8,4,1,3,40,40,100,60,55.0
153,99,75,0,4,1.25,27.78,0,80,22.1
154,49,31,0,2,63.75,76.67,0,40,51.96
155,39,25,1,4,76.25,83.33,100,80,84.04
156,96,95,0,3,5.0,5.56,0,60,12.45
157,29,9,1,3,88.75,90,100,60,87.12
158,4,4,1,5,20,40,100,100,55.0
159,87,52,0,3,16.25,53.33,0,60,32.54
160,17,1,1,4,85,10,100,80,61.0
161,73,4,0,5,33.75,40,0,100,39.12
162,55,9,1,1,56.25,90,100,20,71.38
163,7,3,1,2,35,30,100,40,47.0
164,28,15,1,2,90.0,94.44,100,40,86.05
165,98,49,1,3,2.5,56.67,100,60,49.58
166,33,6,1,0,83.75,60,100,0,66.12
167,96,70,0,2,5.0,33.33,0,40,19.17
168,29,21,0,5,88.75,87.78,0,100,72.35
169,6,1,0,1,30,10,0,20,15.5
170,3,3,0,1,15,30,0,20,18.0
171,17,16,0,4,85,93.33,0,80,70.17
172,28,15,1,2,90.0,94.44,100,40,86.05
173,22,20,0,1,97.5,88.89,0,20,63.36
174,40,7,0,2,75.0,70,0,40,53.0
175,74,49,1,5,32.5,56.67,100,100,64.58
176,26,3,0,0,92.5,30,0,0,38.25
177,90,39,0,4,12.5,67.78,0,80,39.47
178,6,3,1,5,30,30,100,100,54.5
179,48,5,1,0,65.0,50,100,0,57.0
180,54,53,1,0,57.5,52.22,100,0,55.53
181,56,24,1,5,55.0,84.44,100,100,81.05
182,20,14,0,5,100,95.56,0,100,78.45
183,67,35,1,3,41.25,72.22,100,60,66.65
184,56,53,1,2,55.0,52.22,100,40,60.78
185,32,6,1,3,85.0,60,100,60,75.5
186,32,30,1,2,85.0,77.78,100,40,78.72
187,4,4,1,1,20,40,100,20,43.0
188,63,14,1,2,46.25,95.56,100,40,73.32
189,44,18,1,4,70.0,91.11,100,80,84.89
190,2,1,0,1,10,10,0,20,9.5
191,93,53,1,4,8.75,52.22,100,80,52.9
192,98,31,1,5,2.5,76.67,100,100,62.58
193,92,63,1,0,10.0,41.11,100,0,37.39
194,12,5,0,3,60,50,0,60,44.5
195,89,32,1,5,13.75,75.56,100,100,65.57
196,75,48,1,4,31.25,57.78,100,80,61.6
197,68,45,1,5,40.0,61.11,100,100,68.39
198,71,43,1,5,36.25,63.33,100,100,68.04
199,59,18,1,2,51.25,91.11,100,40,73.26
200,30,4,0,2,87.5,40,0,40,46.25
201,16,6,0,1,80,60,0,20,48.0
202,95,62,1,5,6.25,42.22,100,100,51.65
203,76,68,1,0,30.0,35.56,100,0,41.45
204,25,10,0,2,93.75,100,0,40,69.12
205,23,10,0,5,96.25,100,0,100,78.88
206,69,17,1,0,38.75,92.22,100,0,63.9
207,7,5,1,5,35,50,100,100,63.0
208,17,16,0,0,85,93.33,0,0,58.17
209,74,37,1,3,32.5,70.0,100,60,63.25
210,57,22,0,0,53.75,86.67,0,0,46.46
211,33,31,0,0,83.75,76.67,0,0,51.96
212,52,32,0,4,60.0,75.56,0,80,56.45
213,81,7,0,1,23.75,70,0,20,34.62
214,73,39,0,1,33.75,67.78,0,20,36.85
215,16,14,0,4,80,95.56,0,80,69.45
216,49,29,1,2,63.75,78.89,100,40,72.74
217,76,55,1,4,30.0,50.0,100,80,58.5
218,80,8,0,1,25.0,80,0,20,38.5
219,81,28,1,5,23.75,80.0,100,100,70.12
220,11,3,0,1,55,30,0,20,30.0
221,71,10,0,0,36.25,100,0,0,45.88
222,53,29,1,2,58.75,78.89,100,40,71.24
223,5,2,1,5,25,20,100,100,49.5
224,37,30,0,5,78.75,77.78,0,100,65.85
225,30,30,1,5,87.5,77.78,100,100,88.47
226,76,26,1,0,30.0,82.22,100,0,57.78
227,70,29,0,2,37.5,78.89,0,40,44.86
228,19,3,0,1,95,30,0,20,42.0
229,40,39,1,3,75.0,67.78,100,60,75.22
230,16,15,1,5,80,94.44,100,100,92.05
231,52,18,1,3,60.0,91.11,100,60,78.89
232,11,10,0,3,55,100,0,60,60.5
233,95,42,1,0,6.25,64.44,100,0,44.43
234,12,4,0,5,60,40,0,100,47.0
235,35,3,0,3,81.25,30,0,60,43.88
236,67,57,1,1,41.25,47.78,100,20,52.1
237,75,56,1,0,31.25,48.89,100,0,46.49
238,61,23,1,2,48.75,85.56,100,40,70.57
239,42,7,0,2,72.5,70,0,40,52.25
240,53,45,1,2,58.75,61.11,100,40,65.01
241,85,52,0,3,18.75,53.33,0,60,33.29
242,12,6,1,2,60,60,100,40,65.0
243,15,13,1,4,75,96.67,100,80,88.33
244,1,1,1,0,5,10,100,0,25.0
245,25,17,1,4,93.75,92.22,100,80,92.4
246,97,64,1,0,3.75,40.0,100,0,35.12
247,27,9,0,2,91.25,90,0,40,64.88
248,57,57,1,0,53.75,47.78,100,0,52.85
249,4,2,0,2,20,20,0,40,19.0
250,71,2,1,0,36.25,20,100,0,37.88
251,29,27,0,3,88.75,81.11,0,60,64.01
252,16,5,1,5,80,50,100,100,76.5
253,38,33,1,3,77.5,74.44,100,60,78.3
254,62,31,0,3,47.5,76.67,0,60,50.08
255,71,19,1,1,36.25,90.0,100,20,65.38
256,77,66,0,0,28.75,37.78,0,0,21.85
257,36,27,1,4,80.0,81.11,100,80,84.39
258,35,1,1,5,81.25,10,100,100,62.88
259,39,38,1,1,76.25,68.89,100,20,69.99
260,58,35,1,2,52.5,72.22,100,40,67.03
261,43,36,1,3,71.25,71.11,100,60,75.26
262,42,13,0,4,72.5,96.67,0,80,67.58
263,50,15,1,0,62.5,94.44,100,0,71.8
264,41,31,1,3,73.75,76.67,100,60,77.96
265,85,84,0,3,18.75,17.78,0,60,20.85
266,5,2,1,0,25,20,100,0,34.5
267,57,7,1,0,53.75,70,100,0,60.62
268,93,19,1,5,8.75,90.0,100,100,69.12
269,20,3,1,2,100,30,100,40,66.5
270,44,40,1,5,70.0,66.67,100,100,79.33
271,11,6,1,2,55,60,100,40,63.5
272,81,63,0,4,23.75,41.11,0,80,33.51
273,9,4,1,1,45,40,100,20,50.5
274,96,12,1,0,5.0,97.78,100,0,55.72
275,98,82,0,3,2.5,20.0,0,60,16.75
276,22,10,0,0,97.5,100,0,0,64.25
277,42,4,1,2,72.5,40,100,40,61.75
278,48,28,0,1,65.0,80.0,0,20,50.5
279,68,53,0,1,40.0,52.22,0,20,33.28
280,23,3,1,4,96.25,30,100,80,71.38
281,88,31,1,4,15.0,76.67,100,80,63.33
282,19,8,1,5,95,80,100,100,91.5
283,33,30,1,5,83.75,77.78,100,100,87.35
284,2,2,1,5,10,20,100,100,45.0
285,70,21,0,3,37.5,87.78,0,60,50.97
286,45,38,1,5,68.75,68.89,100,100,79.74
287,55,45,1,3,56.25,61.11,100,60,67.26
288,39,13,1,3,76.25,96.67,100,60,85.71
289,14,4,1,4,70,40,100,80,67.0
290,46,37,1,5,67.5,70.0,100,100,79.75
291,38,2,1,2,77.5,20,100,40,56.25
292,2,1,1,2,10,10,100,40,32.5
293,100,30,1,1,0.0,77.78,100,20,50.22
294,82,25,1,5,22.5,83.33,100,100,70.92
295,97,93,0,5,3.75,7.78,0,100,18.85
296,13,11,0,2,65,98.89,0,40,60.11
297,57,3,1,5,53.75,30,100,100,61.62
298,17,3,1,2,85,30,100,40,62.0
299,96,54,0,1,5.0,51.11,0,20,22.39
300,17,12,1,1,85,97.78,100,20,82.72
301,33,31,1,5,83.75,76.67,100,100,86.96
302,44,8,1,0,70.0,80,100,0,69.0
303,19,8,1,4,95,80,100,80,88.5
304,47,6,1,0,66.25,60,100,0,60.88
305,34,8,1,2,82.5,80,100,40,78.75
306,87,87,1,4,16.25,14.44,100,80,41.93
307,49,41,1,0,63.75,65.56,100,0,62.07
308,87,30,1,0,16.25,77.78,100,0,52.1
309,80,72,1,4,25.0,31.11,100,80,50.39
310,29,21,0,5,88.75,87.78,0,100,72.35
311,60,59,1,5,50.0,45.56,100,100,65.95
312,53,8,0,0,58.75,80,0,0,45.62
313,5,3,1,0,25,30,100,0,38.0
314,13,4,0,3,65,40,0,60,42.5
315,59,24,1,4,51.25,84.44,100,80,76.93
316,96,94,0,3,5.0,6.67,0,60,12.83
317,84,13,1,4,20.0,96.67,100,80,71.83
318,53,18,0,5,58.75,91.11,0,100,64.51
319,48,14,1,3,65.0,95.56,100,60,81.95
320,31,28,1,0,86.25,80.0,100,0,73.88
321,88,48,1,0,15.0,57.78,100,0,44.72
322,51,18,0,0,61.25,91.11,0,0,50.26
323,59,6,0,5,51.25,60,0,100,51.38
324,82,77,0,0,22.5,25.56,0,0,15.7
325,43,16,0,4,71.25,93.33,0,80,66.04
326,27,3,0,4,91.25,30,0,80,49.88
327,28,27,0,2,90.0,81.11,0,40,61.39
328,100,19,0,2,0.0,90.0,0,40,37.5
329,19,5,1,1,95,50,100,20,69.0
330,15,11,0,1,75,98.89,0,20,60.11
331,2,2,0,4,10,20,0,80,22.0
332,42,2,0,2,72.5,20,0,40,34.75
333,7,2,1,4,35,20,100,80,49.5
334,15,12,0,3,75,97.78,0,60,65.72
335,58,50,1,4,52.5,55.56,100,80,67.2
336,76,14,1,4,30.0,95.56,100,80,74.45
337,29,20,0,5,88.75,88.89,0,100,72.74
338,85,67,1,3,18.75,36.67,100,60,47.46
339,83,4,0,3,21.25,40,0,60,29.38
340,52,28,0,3,60.0,80.0,0,60,55.0
341,92,57,0,0,10.0,47.78,0,0,19.72
342,42,39,0,0,72.5,67.78,0,0,45.47
343,17,9,1,3,85,90,100,60,86.0
344,77,68,1,3,28.75,35.56,100,60,50.07
345,65,56,0,5,43.75,48.89,0,100,45.24
346,15,14,0,3,75,95.56,0,60,64.95
347,58,57,0,3,52.5,47.78,0,60,41.47
348,44,30,1,3,70.0,77.78,100,60,77.22
349,94,13,1,3,7.5,96.67,100,60,65.08
350,41,17,1,1,73.75,92.22,100,20,77.4
351,88,61,0,0,15.0,43.33,0,0,19.67
352,11,2,1,0,55,20,100,0,43.5
353,96,95,1,1,5.0,5.56,100,20,26.45
354,72,8,1,5,35.0,80,100,100,73.5
355,16,14,1,5,80,95.56,100,100,92.45
356,97,55,0,2,3.75,50.0,0,40,24.62
357,77,40,1,0,28.75,66.67,100,0,51.96
358,74,65,0,1,32.5,38.89,0,20,26.36
359,85,62,0,0,18.75,42.22,0,0,20.4
360,45,36,1,0,68.75,71.11,100,0,65.51
361,98,36,0,3,2.5,71.11,0,60,34.64
362,72,72,0,4,35.0,31.11,0,80,33.39
363,85,35,0,1,18.75,72.22,0,20,33.9
364,35,20,1,2,81.25,88.89,100,40,81.49
365,1,1,0,4,5,10,0,80,17.0
366,85,52,0,1,18.75,53.33,0,20,27.29
367,95,82,0,0,6.25,20.0,0,0,8.88
368,96,68,0,3,5.0,35.56,0,60,22.95
369,54,30,1,1,57.5,77.78,100,20,67.47
370,48,20,1,4,65.0,88.89,100,80,82.61
371,77,11,0,1,28.75,98.89,0,20,46.24
372,21,20,0,5,98.75,88.89,0,100,75.74
373,11,5,1,5,55,50,100,100,69.0
374,55,32,1,3,56.25,75.56,100,60,72.32
375,35,14,0,2,81.25,95.56,0,40,63.82
376,56,8,1,5,55.0,80,100,100,79.5
377,87,76,1,4,16.25,26.67,100,80,46.21
378,86,40,0,1,17.5,66.67,0,20,31.58
379,51,39,0,0,61.25,67.78,0,0,42.1
380,27,10,0,1,91.25,100,0,20,65.38
381,98,33,1,2,2.5,74.44,100,40,52.8
382,16,1,1,5,80,10,100,100,62.5
383,56,12,0,3,55.0,97.78,0,60,59.72
384,69,30,1,0,38.75,77.78,100,0,58.85
385,51,48,0,3,61.25,57.78,0,60,47.6
386,3,2,0,2,15,20,0,40,17.5
387,74,55,1,5,32.5,50.0,100,100,62.25
388,82,54,1,0,22.5,51.11,100,0,44.64
389,52,2,1,1,60.0,20,100,20,48.0
390,80,59,1,0,25.0,45.56,100,0,43.45
391,56,55,0,1,55.0,50.0,0,20,37.0
392,56,38,1,4,55.0,68.89,100,80,72.61
393,11,7,1,5,55,70,100,100,76.0
394,44,15,1,1,70.0,94.44,100,20,77.05
395,10,9,0,4,50,90,0,80,58.5
396,66,25,1,2,42.5,83.33,100,40,67.92
397,94,83,0,1,7.5,18.89,0,20,11.86
398,14,3,1,1,70,30,100,20,54.5
399,23,20,0,5,96.25,88.89,0,100,74.99
400,10,3,1,3,50,30,100,60,54.5
401,97,73,1,5,3.75,30.0,100,100,46.62
402,73,42,1,1,33.75,64.44,100,20,55.68
403,57,5,1,3,53.75,50,100,60,62.62
404,81,39,1,4,23.75,67.78,100,80,62.85
405,8,6,0,2,40,60,0,40,39.0
406,60,29,0,0,50.0,78.89,0,0,42.61
407,48,19,0,5,65.0,90.0,0,100,66.0
408,12,10,1,3,60,100,100,60,82.0
409,75,71,0,3,31.25,32.22,0,60,29.65
410,74,25,1,4,32.5,83.33,100,80,70.92
411,61,33,0,0,48.75,74.44,0,0,40.68
412,58,7,1,5,52.5,70,100,100,75.25
413,11,9,0,0,55,90,0,0,48.0
414,32,29,1,4,85.0,78.89,100,80,85.11
415,67,21,1,2,41.25,87.78,100,40,69.1
416,37,25,1,2,78.75,83.33,100,40,78.79
417,87,77,0,5,16.25,25.56,0,100,28.82
418,83,43,0,2,21.25,63.33,0,40,34.54
419,13,9,1,2,65,90,100,40,77.0
420,33,10,1,0,83.75,100,100,0,80.12
421,75,19,1,2,31.25,90.0,100,40,66.88
422,84,51,0,4,20.0,54.44,0,80,37.05
423,91,11,1,4,11.25,98.89,100,80,69.99
424,49,42,1,1,63.75,64.44,100,20,64.68
425,86,68,0,5,17.5,35.56,0,100,32.7
426,86,55,1,0,17.5,50.0,100,0,42.75
427,47,20,0,1,66.25,88.89,0,20,53.99
428,44,32,0,1,70.0,75.56,0,20,50.45
429,18,5,0,2,90,50,0,40,50.5
430,13,9,0,5,65,90,0,100,66.0
431,44,40,0,4,70.0,66.67,0,80,56.33
432,49,10,0,1,63.75,100,0,20,57.12
433,89,80,0,5,13.75,22.22,0,100,26.9
434,57,3,1,2,53.75,30,100,40,52.62
435,87,31,1,4,16.25,76.67,100,80,63.71
436,37,29,0,4,78.75,78.89,0,80,63.24
437,31,10,1,1,86.25,100,100,20,83.88
438,48,44,1,3,65.0,62.22,100,60,70.28
439,99,37,1,4,1.25,70.0,100,80,56.88
440,68,54,0,1,40.0,51.11,0,20,32.89
441,78,18,1,0,27.5,91.11,100,0,60.14
442,83,62,1,4,21.25,42.22,100,80,53.15
443,14,12,0,2,70,97.78,0,40,61.22
444,11,3,1,3,55,30,100,60,56.0
445,66,19,1,0,42.5,90.0,100,0,64.25
446,29,27,1,2,88.75,81.11,100,40,81.01
447,4,4,0,3,20,40,0,60,29.0
448,65,48,0,3,43.75,57.78,0,60,42.35
449,11,6,0,0,55,60,0,0,37.5
450,41,7,1,1,73.75,70,100,20,69.62
451,18,2,1,3,90,20,100,60,63.0
452,90,18,1,3,12.5,91.11,100,60,64.64
453,79,1,0,0,26.25,10,0,0,11.38
454,33,14,0,4,83.75,95.56,0,80,70.57
455,94,78,1,0,7.5,24.44,100,0,30.8
456,100,37,0,2,0.0,70.0,0,40,30.5
457,16,2,0,3,80,20,0,60,40.0
458,82,80,1,0,22.5,22.22,100,0,34.53
459,15,14,1,4,75,95.56,100,80,87.95
460,69,3,0,5,38.75,30,0,100,37.12
461,19,10,1,0,95,100,100,0,83.5
462,79,46,0,4,26.25,60.0,0,80,40.88
463,54,12,0,4,57.5,97.78,0,80,63.47
464,47,5,0,3,66.25,50,0,60,46.38
465,61,3,1,2,48.75,30,100,40,51.12
466,33,2,1,0,83.75,20,100,0,52.12
467,45,16,0,4,68.75,93.33,0,80,65.29
468,95,43,0,0,6.25,63.33,0,0,24.04
469,46,35,1,5,67.5,72.22,100,100,80.53
470,23,22,1,5,96.25,86.67,100,100,94.21
471,62,41,0,1,47.5,65.56,0,20,40.2
472,9,8,0,2,45,80,0,40,47.5
473,26,2,0,0,92.5,20,0,0,34.75
474,41,20,1,4,73.75,88.89,100,80,85.24
475,61,17,0,5,48.75,92.22,0,100,61.9
476,25,10,1,0,93.75,100,100,0,83.12
477,84,43,1,0,20.0,63.33,100,0,48.17
478,48,28,1,5,65.0,80.0,100,100,82.5
479,57,25,1,1,53.75,83.33,100,20,68.29
480,64,64,1,4,45.0,40.0,100,80,59.5
481,35,6,1,0,81.25,60,100,0,65.38
482,56,39,0,4,55.0,67.78,0,80,52.22
483,38,21,0,0,77.5,87.78,0,0,53.97
484,42,19,1,3,72.5,90.0,100,60,82.25
485,78,55,0,5,27.5,50.0,0,100,40.75
486,57,23,1,0,53.75,85.56,100,0,66.07
487,94,46,1,2,7.5,60.0,100,40,49.25
488,82,8,0,5,22.5,80,0,100,49.75
489,82,52,1,4,22.5,53.33,100,80,57.42
490,96,87,0,0,5.0,14.44,0,0,6.55
491,19,15,0,1,95,94.44,0,20,64.55
492,9,4,1,2,45,40,100,40,53.5
493,50,37,0,4,62.5,70.0,0,80,55.25
494,20,15,1,2,100,94.44,100,40,89.05
495,57,49,0,4,53.75,56.67,0,80,47.96
496,18,17,1,3,90,92.22,100,60,88.28
497,41,18,0,0,73.75,91.11,0,0,54.01
498,4,2,1,4,20,20,100,80,45.0
499,50,36,0,2,62.5,71.11,0,40,49.64
500,100,34,1,1,0.0,73.33,100,20,48.67
501,79,37,1,1,26.25,70.0,100,20,55.38
502,16,5,0,3,80,50,0,60,50.5
503,23,23,1,0,96.25,85.56,100,0,78.82
504,88,41,1,5,15.0,65.56,100,100,62.45
505,9,9,1,2,45,90,100,40,71.0
506,21,21,0,2,98.75,87.78,0,40,66.35
507,66,29,0,1,42.5,78.89,0,20,43.36
508,18,8,1,0,90,80,100,0,75.0
509,47,36,1,3,66.25,71.11,100,60,73.76
510,71,17,0,0,36.25,92.22,0,0,43.15
511,40,26,1,4,75.0,82.22,100,80,83.28
512,53,50,1,4,58.75,55.56,100,80,69.07
513,10,3,1,5,50,30,100,100,60.5
514,10,8,1,5,50,80,100,100,78.0
515,67,45,0,4,41.25,61.11,0,80,45.76
516,82,76,0,1,22.5,26.67,0,20,19.08
517,56,33,0,0,55.0,74.44,0,0,42.55
518,67,20,1,1,41.25,88.89,100,20,66.49
519,21,11,0,2,98.75,98.89,0,40,70.24
520,67,37,0,2,41.25,70.0,0,40,42.88
521,26,21,1,1,92.5,87.78,100,20,81.47
522,81,39,0,4,23.75,67.78,0,80,42.85
523,83,22,0,1,21.25,86.67,0,20,39.71
524,85,80,1,4,18.75,22.22,100,80,45.4
525,6,1,0,0,30,10,0,0,12.5
526,83,74,1,5,21.25,28.89,100,100,51.49
527,27,25,1,4,91.25,83.33,100,80,88.54
528,82,4,1,5,22.5,40,100,100,55.75
529,70,38,1,3,37.5,68.89,100,60,64.36
530,32,26,1,3,85.0,82.22,100,60,83.28
531,10,1,0,3,50,10,0,60,27.5
532,54,31,1,1,57.5,76.67,100,20,67.08
533,44,39,0,2,70.0,67.78,0,40,50.72
534,92,41,1,3,10.0,65.56,100,60,54.95
535,17,12,0,2,85,97.78,0,40,65.72
536,31,15,0,2,86.25,94.44,0,40,64.93
537,58,16,0,0,52.5,93.33,0,0,48.42
538,7,3,1,4,35,30,100,80,53.0
539,54,16,0,2,57.5,93.33,0,40,55.92
540,74,41,0,1,32.5,65.56,0,20,35.7
541,64,60,1,2,45.0,44.44,100,40,55.05
542,64,3,0,3,45.0,30,0,60,33.0
543,65,59,0,1,43.75,45.56,0,20,32.07
544,75,46,0,0,31.25,60.0,0,0,30.38
545,37,32,1,2,78.75,75.56,100,40,76.07
546,69,2,0,3,38.75,20,0,60,27.62
547,18,9,1,3,90,90,100,60,87.5
548,47,3,1,0,66.25,30,100,0,50.38
549,73,72,0,2,33.75,31.11,0,40,27.01
550,71,37,0,3,36.25,70.0,0,60,44.38
551,65,58,1,4,43.75,46.67,100,80,61.46
552,88,79,0,1,15.0,23.33,0,20,15.67
553,13,7,1,2,65,70,100,40,70.0
554,72,47,0,1,35.0,58.89,0,20,34.11
555,78,66,1,4,27.5,37.78,100,80,53.47
556,6,1,0,1,30,10,0,20,15.5
557,92,43,1,4,10.0,63.33,100,80,57.17
558,59,10,0,2,51.25,100,0,40,56.38
559,79,41,0,3,26.25,65.56,0,60,39.82
560,79,39,1,4,26.25,67.78,100,80,63.6
561,66,63,1,3,42.5,41.11,100,60,56.14
562,3,2,1,5,15,20,100,100,46.5
563,15,7,1,5,75,70,100,100,82.0
564,89,81,0,4,13.75,21.11,0,80,23.51
565,61,17,0,5,48.75,92.22,0,100,61.9
566,7,5,1,1,35,50,100,20,51.0
567,68,49,0,5,40.0,56.67,0,100,46.83
568,32,3,0,1,85.0,30,0,20,39.0
569,3,2,1,3,15,20,100,60,40.5
570,20,14,0,3,100,95.56,0,60,72.45
571,65,61,0,5,43.75,43.33,0,100,43.29
572,18,17,0,4,90,92.22,0,80,71.28
573,42,31,1,2,72.5,76.67,100,40,74.58
574,23,15,1,4,96.25,94.44,100,80,93.93
575,46,44,1,4,67.5,62.22,100,80,74.03
576,62,13,0,2,47.5,96.67,0,40,54.08
577,72,39,0,2,35.0,67.78,0,40,40.22
578,99,37,0,5,1.25,70.0,0,100,39.88
579,91,63,1,3,11.25,41.11,100,60,46.76
580,45,36,1,2,68.75,71.11,100,40,71.51
581,16,13,1,2,80,96.67,100,40,83.83
582,99,19,1,0,1.25,90.0,100,0,51.88
583,37,6,1,3,78.75,60,100,60,73.62
584,84,33,1,1,20.0,74.44,100,20,55.05
585,26,18,1,4,92.5,91.11,100,80,91.64
586,90,35,0,0,12.5,72.22,0,0,29.03
587,79,76,0,1,26.25,26.67,0,20,20.21
588,7,6,0,5,35,60,0,100,46.5
589,30,2,0,3,87.5,20,0,60,42.25
590,43,31,0,5,71.25,76.67,0,100,63.21
591,99,18,0,4,1.25,91.11,0,80,44.26
592,21,14,1,3,98.75,95.56,100,60,92.07
593,84,26,1,2,20.0,82.22,100,40,60.78
594,37,4,0,5,78.75,40,0,100,52.62
595,74,30,0,1,32.5,77.78,0,20,39.97
596,54,54,0,0,57.5,51.11,0,0,35.14
597,51,51,1,1,61.25,54.44,100,20,60.43
598,96,38,0,0,5.0,68.89,0,0,25.61
599,39,37,0,2,76.25,70.0,0,40,53.38
600,37,30,1,1,78.75,77.78,100,20,73.85
601,65,60,1,1,43.75,44.44,100,20,51.68
602,15,6,0,5,75,60,0,100,58.5
603,59,42,1,5,51.25,64.44,100,100,72.93
604,24,1,1,2,95.0,10,100,40,58.0
605,73,25,0,4,33.75,83.33,0,80,51.29
606,82,52,1,4,22.5,53.33,100,80,57.42
607,42,6,1,5,72.5,60,100,100,77.75
608,13,3,0,3,65,30,0,60,39.0
609,42,16,0,2,72.5,93.33,0,40,60.42
610,50,16,1,2,62.5,93.33,100,40,77.42
611,43,20,0,2,71.25,88.89,0,40,58.49
612,84,47,0,0,20.0,58.89,0,0,26.61
613,86,16,1,2,17.5,93.33,100,40,63.92
614,21,13,1,5,98.75,96.67,100,100,98.46
615,16,10,1,4,80,100,100,80,91.0
616,29,8,0,3,88.75,80,0,60,63.62
617,20,15,1,3,100,94.44,100,60,92.05
618,90,71,1,4,12.5,32.22,100,80,47.03
619,86,28,0,5,17.5,80.0,0,100,48.25
620,97,77,0,4,3.75,25.56,0,80,22.07
621,58,34,1,0,52.5,73.33,100,0,61.42
622,73,15,0,4,33.75,94.44,0,80,55.18
623,65,26,0,1,43.75,82.22,0,20,44.9
624,42,34,1,0,72.5,73.33,100,0,67.42
625,88,27,1,0,15.0,81.11,100,0,52.89
626,66,58,0,3,42.5,46.67,0,60,38.08
627,17,17,1,3,85,92.22,100,60,86.78
628,73,8,1,5,33.75,80,100,100,73.12
629,40,2,1,2,75.0,20,100,40,55.5
630,1,1,0,0,5,10,0,0,5.0
631,55,23,0,4,56.25,85.56,0,80,58.82
632,8,2,1,0,40,20,100,0,39.0
633,37,27,0,1,78.75,81.11,0,20,55.01
634,99,83,1,2,1.25,18.89,100,40,32.99
635,49,29,1,3,63.75,78.89,100,60,75.74
636,11,11,0,5,55,98.89,0,100,66.11
637,45,8,0,4,68.75,80,0,80,60.62
638,51,34,0,5,61.25,73.33,0,100,59.04
639,29,27,0,0,88.75,81.11,0,0,55.01
640,39,30,1,4,76.25,77.78,100,80,82.1
641,49,15,0,3,63.75,94.44,0,60,61.18
642,45,10,1,1,68.75,100,100,20,78.62
643,93,15,0,5,8.75,94.44,0,100,50.68
644,54,40,0,1,57.5,66.67,0,20,43.58
645,27,3,0,4,91.25,30,0,80,49.88
646,5,4,0,1,25,40,0,20,24.5
647,95,6,1,3,6.25,60,100,60,51.88
648,30,18,0,0,87.5,91.11,0,0,58.14
649,18,17,1,1,90,92.22,100,20,82.28
650,94,74,1,4,7.5,28.89,100,80,44.36
651,77,42,0,2,28.75,64.44,0,40,37.18
652,19,17,0,3,95,92.22,0,60,69.78
653,39,18,0,4,76.25,91.11,0,80,66.76
654,76,23,1,4,30.0,85.56,100,80,70.95
655,64,7,1,5,45.0,70,100,100,73.0
656,86,49,1,5,17.5,56.67,100,100,60.08
657,54,27,0,2,57.5,81.11,0,40,51.64
658,49,12,1,1,63.75,97.78,100,20,76.35
659,29,10,0,3,88.75,100,0,60,70.62
660,8,7,1,4,40,70,100,80,68.5
661,68,18,1,1,40.0,91.11,100,20,66.89
662,33,14,1,5,83.75,95.56,100,100,93.57
663,11,8,1,0,55,80,100,0,64.5
664,69,25,0,2,38.75,83.33,0,40,46.79
665,49,44,0,0,63.75,62.22,0,0,40.9
666,25,25,0,3,93.75,83.33,0,60,66.29
667,27,11,1,0,91.25,98.89,100,0,81.99
668,28,7,0,5,90.0,70,0,100,66.5
669,97,62,0,5,3.75,42.22,0,100,30.9
670,78,27,1,1,27.5,81.11,100,20,59.64
671,71,42,1,3,36.25,64.44,100,60,62.43
672,60,35,1,2,50.0,72.22,100,40,66.28
673,34,24,1,3,82.5,84.44,100,60,83.3
674,13,13,1,2,65,96.67,100,40,79.33
675,27,12,1,3,91.25,97.78,100,60,90.6
676,6,5,0,5,30,50,0,100,41.5
677,19,1,1,4,95,10,100,80,64.0
678,75,75,1,2,31.25,27.78,100,40,45.1
679,20,7,1,1,100,70,100,20,77.5
680,49,37,0,3,63.75,70.0,0,60,52.62
681,71,44,1,3,36.25,62.22,100,60,61.65
682,93,83,1,3,8.75,18.89,100,60,38.24
683,22,12,0,1,97.5,97.78,0,20,66.47
684,93,70,1,1,8.75,33.33,100,20,37.29
685,70,8,0,0,37.5,80,0,0,39.25
686,86,7,0,3,17.5,70,0,60,38.75
687,18,8,0,5,90,80,0,100,70.0
688,20,1,0,4,100,10,0,80,45.5
689,59,24,0,4,51.25,84.44,0,80,56.93
690,82,79,1,5,22.5,23.33,100,100,49.92
691,63,2,0,4,46.25,20,0,80,32.88
692,71,53,0,0,36.25,52.22,0,0,29.15
693,68,36,1,0,40.0,71.11,100,0,56.89
694,65,56,0,0,43.75,48.89,0,0,30.24
695,13,9,0,1,65,90,0,20,54.0
696,25,20,1,2,93.75,88.89,100,40,85.24
697,35,26,0,2,81.25,82.22,0,40,59.15
698,52,30,0,5,60.0,77.78,0,100,60.22
699,29,10,0,5,88.75,100,0,100,76.62
700,84,5,0,3,20.0,50,0,60,32.5
701,49,25,1,0,63.75,83.33,100,0,68.29
702,82,2,0,0,22.5,20,0,0,13.75
703,64,56,1,4,45.0,48.89,100,80,62.61
704,13,9,0,1,65,90,0,20,54.0
705,28,28,1,2,90.0,80.0,100,40,81.0
706,6,1,1,4,30,10,100,80,44.5
707,73,5,0,2,33.75,50,0,40,33.62
708,3,1,0,5,15,10,0,100,23.0
709,51,5,1,1,61.25,50,100,20,58.88
710,73,31,1,5,33.75,76.67,100,100,71.96
711,70,43,1,5,37.5,63.33,100,100,68.42
712,18,3,1,0,90,30,100,0,57.5
713,13,7,0,0,65,70,0,0,44.0
714,44,39,1,2,70.0,67.78,100,40,70.72
715,4,3,1,3,20,30,100,60,45.5
716,30,12,1,3,87.5,97.78,100,60,89.47
717,24,22,1,0,95.0,86.67,100,0,78.83
718,99,80,1,1,1.25,22.22,100,20,31.15
719,92,10,0,2,10.0,100,0,40,44.0
720,20,13,0,5,100,96.67,0,100,78.83
721,50,21,1,0,62.5,87.78,100,0,69.47
722,12,1,1,3,60,10,100,60,50.5
723,47,18,0,1,66.25,91.11,0,20,54.76
724,12,3,1,3,60,30,100,60,57.5
725,72,72,1,0,35.0,31.11,100,0,41.39
726,4,1,1,4,20,10,100,80,41.5
727,12,10,1,3,60,100,100,60,82.0
728,2,2,1,3,10,20,100,60,39.0
729,100,11,0,4,0.0,98.89,0,80,46.61
730,67,22,1,1,41.25,86.67,100,20,65.71
731,18,9,1,2,90,90,100,40,84.5
732,64,19,0,1,45.0,90.0,0,20,48.0
733,56,18,1,2,55.0,91.11,100,40,74.39
734,62,51,0,2,47.5,54.44,0,40,39.3
735,33,16,1,4,83.75,93.33,100,80,89.79
736,79,26,1,0,26.25,82.22,100,0,56.65
737,18,10,0,3,90,100,0,60,71.0
738,43,40,1,2,71.25,66.67,100,40,70.71
739,57,22,1,5,53.75,86.67,100,100,81.46
740,77,18,1,2,28.75,91.11,100,40,66.51
741,78,26,1,2,27.5,82.22,100,40,63.03
742,23,13,1,2,96.25,96.67,100,40,88.71
743,95,89,1,4,6.25,12.22,100,80,38.15
744,32,21,1,2,85.0,87.78,100,40,82.22
745,51,24,0,4,61.25,84.44,0,80,59.93
746,26,19,0,5,92.5,90.0,0,100,74.25
747,99,71,0,5,1.25,32.22,0,100,26.65
748,60,46,0,3,50.0,60.0,0,60,45.0
749,38,5,1,5,77.5,50,100,100,75.75
750,64,18,1,1,45.0,91.11,100,20,68.39
751,33,10,1,3,83.75,100,100,60,89.12
752,10,8,1,4,50,80,100,80,75.0
753,52,35,1,4,60.0,72.22,100,80,75.28
754,5,3,0,0,25,30,0,0,18.0
755,99,32,1,1,1.25,75.56,100,20,49.82
756,83,79,0,4,21.25,23.33,0,80,26.54
757,83,83,1,2,21.25,18.89,100,40,38.99
758,56,7,0,0,55.0,70,0,0,41.0
759,34,15,0,3,82.5,94.44,0,60,66.8
760,48,26,1,5,65.0,82.22,100,100,83.28
761,76,65,0,2,30.0,38.89,0,40,28.61
762,4,4,0,2,20,40,0,40,26.0
763,54,6,0,5,57.5,60,0,100,53.25
764,19,12,1,2,95,97.78,100,40,88.72
765,59,51,0,4,51.25,54.44,0,80,46.43
766,62,23,1,0,47.5,85.56,100,0,64.2
767,57,47,1,2,53.75,58.89,100,40,62.74
768,9,5,0,5,45,50,0,100,46.0
769,15,1,1,5,75,10,100,100,61.0
770,14,11,0,5,70,98.89,0,100,70.61
771,32,12,0,2,85.0,97.78,0,40,65.72
772,72,55,1,1,35.0,50.0,100,20,51.0
773,52,41,0,1,60.0,65.56,0,20,43.95
774,82,56,1,0,22.5,48.89,100,0,43.86
775,95,79,0,3,6.25,23.33,0,60,19.04
776,76,55,1,0,30.0,50.0,100,0,46.5
777,91,28,0,2,11.25,80.0,0,40,37.38
778,97,91,0,4,3.75,10.0,0,80,16.62
779,14,13,0,2,70,96.67,0,40,60.83
780,42,13,1,0,72.5,96.67,100,0,75.58
781,34,32,1,4,82.5,75.56,100,80,83.2
782,50,40,1,4,62.5,66.67,100,80,74.08
783,15,6,1,3,75,60,100,60,72.5
784,80,23,1,4,25.0,85.56,100,80,69.45
785,76,11,0,2,30.0,98.89,0,40,49.61
786,16,8,1,0,80,80,100,0,72.0
787,24,12,0,4,95.0,97.78,0,80,74.72
788,50,27,0,4,62.5,81.11,0,80,59.14
789,50,28,0,3,62.5,80.0,0,60,55.75
790,82,69,0,4,22.5,34.44,0,80,30.8
791,22,16,1,1,97.5,93.33,100,20,84.92
792,24,11,1,4,95.0,98.89,100,80,95.11
793,7,7,1,0,35,70,100,0,55.0
794,63,9,0,3,46.25,90,0,60,54.38
795,72,65,1,3,35.0,38.89,100,60,53.11
796,88,63,1,5,15.0,41.11,100,100,53.89
797,57,32,0,0,53.75,75.56,0,0,42.57
798,73,4,0,2,33.75,40,0,40,30.12
799,5,3,0,4,25,30,0,80,30.0
800,37,11,1,4,78.75,98.89,100,80,90.24
801,96,64,0,4,5.0,40.0,0,80,27.5
802,15,5,1,4,75,50,100,80,72.0
803,97,6,1,4,3.75,60,100,80,54.12
804,28,14,0,5,90.0,95.56,0,100,75.45
805,84,32,1,0,20.0,75.56,100,0,52.45
806,58,17,1,0,52.5,92.22,100,0,68.03
807,57,56,0,1,53.75,48.89,0,20,36.24
808,27,26,1,5,91.25,82.22,100,100,91.15
809,79,55,0,4,26.25,50.0,0,80,37.38
810,18,7,0,0,90,70,0,0,51.5
811,73,45,1,4,33.75,61.11,100,80,63.51
812,69,22,1,5,38.75,86.67,100,100,76.96
813,38,19,1,4,77.5,90.0,100,80,86.75
814,87,13,0,3,16.25,96.67,0,60,47.71
815,8,5,0,5,40,50,0,100,44.5
816,17,8,0,5,85,80,0,100,68.5
817,42,16,1,3,72.5,93.33,100,60,83.42
818,19,19,1,5,95,90.0,100,100,95.0
819,54,25,1,0,57.5,83.33,100,0,66.42
820,82,12,1,4,22.5,97.78,100,80,72.97
821,96,36,1,3,5.0,71.11,100,60,55.39
822,63,21,0,5,46.25,87.78,0,100,59.6
823,12,12,1,5,60,97.78,100,100,87.22
824,86,46,0,4,17.5,60.0,0,80,38.25
825,51,14,1,1,61.25,95.56,100,20,74.82
826,64,35,1,2,45.0,72.22,100,40,64.78
827,44,36,0,4,70.0,71.11,0,80,57.89
828,63,51,1,5,46.25,54.44,100,100,67.93
829,98,7,0,0,2.5,70,0,0,25.25
830,81,59,0,0,23.75,45.56,0,0,23.07
831,21,15,1,0,98.75,94.44,100,0,82.68
832,55,13,0,5,56.25,96.67,0,100,65.71
833,39,11,1,0,76.25,98.89,100,0,77.49
834,84,47,1,0,20.0,58.89,100,0,46.61
835,48,43,0,0,65.0,63.33,0,0,41.67
836,51,41,1,5,61.25,65.56,100,100,76.32
837,90,30,1,5,12.5,77.78,100,100,65.97
838,12,12,0,0,60,97.78,0,0,52.22
839,28,16,0,1,90.0,93.33,0,20,62.67
840,76,29,1,0,30.0,78.89,100,0,56.61
841,2,2,0,3,10,20,0,60,19.0
842,89,17,1,0,13.75,92.22,100,0,56.4
843,30,13,0,5,87.5,96.67,0,100,75.08
844,14,2,1,2,70,20,100,40,54.0
845,39,9,1,1,76.25,90,100,20,77.38
846,83,19,0,4,21.25,90.0,0,80,49.88
847,73,2,0,3,33.75,20,0,60,26.12
848,45,14,0,3,68.75,95.56,0,60,63.07
849,79,57,0,0,26.25,47.78,0,0,24.6
850,13,3,0,4,65,30,0,80,42.0
851,94,50,1,3,7.5,55.56,100,60,50.7
852,41,9,0,2,73.75,90,0,40,59.62
853,83,11,0,4,21.25,98.89,0,80,52.99
854,77,77,1,5,28.75,25.56,100,100,52.57
855,4,3,0,4,20,30,0,80,28.5
856,78,66,0,5,27.5,37.78,0,100,36.47
857,51,19,0,1,61.25,90.0,0,20,52.88
858,64,50,0,1,45.0,55.56,0,20,35.95
859,64,10,0,2,45.0,100,0,40,54.5
860,41,9,1,4,73.75,90,100,80,85.62
861,54,24,0,3,57.5,84.44,0,60,55.8
862,99,10,0,4,1.25,100,0,80,47.38
863,9,1,1,1,45,10,100,20,40.0
864,6,1,1,4,30,10,100,80,44.5
865,37,33,1,3,78.75,74.44,100,60,78.68
866,90,52,0,5,12.5,53.33,0,100,37.42
867,69,69,0,2,38.75,34.44,0,40,29.68
868,11,5,0,4,55,50,0,80,46.0
869,27,26,0,4,91.25,82.22,0,80,68.15
870,42,26,0,2,72.5,82.22,0,40,56.53
871,90,56,0,0,12.5,48.89,0,0,20.86
872,32,6,1,0,85.0,60,100,0,66.5
873,59,40,0,2,51.25,66.67,0,40,44.71
874,86,85,0,0,17.5,16.67,0,0,11.08
875,2,1,0,1,10,10,0,20,9.5
876,64,45,1,1,45.0,61.11,100,20,57.89
877,48,9,1,5,65.0,90,100,100,86.0
878,16,1,1,3,80,10,100,60,56.5
879,35,34,0,2,81.25,73.33,0,40,56.04
880,92,74,0,3,10.0,28.89,0,60,22.11
881,59,33,1,0,51.25,74.44,100,0,61.43
882,64,22,1,1,45.0,86.67,100,20,66.83
883,33,7,0,1,83.75,70,0,20,52.62
884,95,66,0,0,6.25,37.78,0,0,15.1
885,2,1,0,3,10,10,0,60,15.5
886,47,25,0,1,66.25,83.33,0,20,52.04
887,5,5,1,1,25,50,100,20,48.0
888,42,16,1,5,72.5,93.33,100,100,89.42
889,41,18,0,4,73.75,91.11,0,80,66.01
890,48,8,0,1,65.0,80,0,20,50.5
891,29,26,0,3,88.75,82.22,0,60,64.4
892,9,8,1,2,45,80,100,40,67.5
893,42,6,1,0,72.5,60,100,0,62.75
894,48,13,1,4,65.0,96.67,100,80,85.33
895,39,16,1,2,76.25,93.33,100,40,81.54
896,76,64,0,5,30.0,40.0,0,100,38.0
897,70,32,0,0,37.5,75.56,0,0,37.7
898,53,2,0,4,58.75,20,0,80,36.62
899,45,41,0,2,68.75,65.56,0,40,49.57
900,1,1,1,0,5,10,100,0,25.0
901,27,17,0,3,91.25,92.22,0,60,68.65
902,63,62,0,1,46.25,42.22,0,20,31.65
903,92,36,0,0,10.0,71.11,0,0,27.89
904,30,29,1,5,87.5,78.89,100,100,88.86
905,48,30,0,4,65.0,77.78,0,80,58.72
906,13,9,0,5,65,90,0,100,66.0
907,51,5,0,3,61.25,50,0,60,44.88
908,85,17,0,2,18.75,92.22,0,40,43.9
909,34,21,1,5,82.5,87.78,100,100,90.47
910,95,42,1,3,6.25,64.44,100,60,53.43
911,35,15,0,1,81.25,94.44,0,20,60.43
912,18,4,0,0,90,40,0,0,41.0
913,22,15,1,2,97.5,94.44,100,40,88.3
914,53,8,1,1,58.75,80,100,20,68.62
915,58,20,1,2,52.5,88.89,100,40,72.86
916,16,3,0,5,80,30,0,100,49.5
917,39,39,0,1,76.25,67.78,0,20,49.6
918,42,10,0,5,72.5,100,0,100,71.75
919,32,23,1,4,85.0,85.56,100,80,87.45
920,7,6,1,2,35,60,100,40,57.5
921,23,1,1,3,96.25,10,100,60,61.38
922,72,71,0,0,35.0,32.22,0,0,21.78
923,60,7,0,0,50.0,70,0,0,39.5
924,2,1,0,1,10,10,0,20,9.5
925,26,13,1,5,92.5,96.67,100,100,96.58
926,81,11,1,0,23.75,98.89,100,0,61.74
927,3,1,0,5,15,10,0,100,23.0
928,57,52,0,0,53.75,53.33,0,0,34.79
929,43,8,0,3,71.25,80,0,60,58.38
930,7,2,1,5,35,20,100,100,52.5
931,51,32,0,3,61.25,75.56,0,60,53.82
932,88,55,0,2,15.0,50.0,0,40,28.0
933,28,6,1,2,90.0,60,100,40,74.0
934,58,57,0,0,52.5,47.78,0,0,32.47
935,79,79,0,5,26.25,23.33,0,100,31.04
936,38,32,1,4,77.5,75.56,100,80,81.7
937,62,4,0,2,47.5,40,0,40,34.25
938,50,9,1,1,62.5,90,100,20,73.25
939,83,68,0,5,21.25,35.56,0,100,33.82
940,70,3,1,5,37.5,30,100,100,56.75
941,46,31,1,2,67.5,76.67,100,40,73.08
942,73,65,1,3,33.75,38.89,100,60,52.74
943,35,12,0,2,81.25,97.78,0,40,64.6
944,77,29,0,2,28.75,78.89,0,40,42.24
945,8,8,1,4,40,80,100,80,72.0
946,30,6,0,1,87.5,60,0,20,50.25
947,85,31,1,4,18.75,76.67,100,80,64.46
948,95,8,0,4,6.25,80,0,80,41.88
949,50,23,0,1,62.5,85.56,0,20,51.7
950,31,19,1,5,86.25,90.0,100,100,92.38
951,90,46,0,5,12.5,60.0,0,100,39.75
952,90,46,0,4,12.5,60.0,0,80,36.75
953,25,16,1,1,93.75,93.33,100,20,83.79
954,63,3,0,0,46.25,30,0,0,24.38
955,30,20,0,0,87.5,88.89,0,0,57.36
956,68,62,0,2,40.0,42.22,0,40,32.78
957,79,26,0,2,26.25,82.22,0,40,42.65
958,92,23,1,0,10.0,85.56,100,0,52.95
959,3,1,0,0,15,10,0,0,8.0
960,68,47,0,2,40.0,58.89,0,40,38.61
961,91,85,1,4,11.25,16.67,100,80,41.21
962,13,6,1,2,65,60,100,40,66.5
963,18,6,1,5,90,60,100,100,83.0
964,63,42,1,1,46.25,64.44,100,20,59.43
965,91,72,1,1,11.25,31.11,100,20,37.26
966,86,76,0,3,17.5,26.67,0,60,23.58
967,40,19,0,1,75.0,90.0,0,20,57.0
968,94,1,1,4,7.5,10,100,80,37.75
969,5,2,1,4,25,20,100,80,46.5
970,29,21,0,3,88.75,87.78,0,60,66.35
971,19,11,0,1,95,98.89,0,20,66.11
972,45,21,0,5,68.75,87.78,0,100,66.35
973,12,12,1,3,60,97.78,100,60,81.22
974,2,2,0,1,10,20,0,20,13.0
975,89,9,1,2,13.75,90,100,40,61.62
976,14,12,0,0,70,97.78,0,0,55.22
977,50,29,1,1,62.5,78.89,100,20,69.36
978,53,32,1,2,58.75,75.56,100,40,70.07
979,70,49,0,3,37.5,56.67,0,60,40.08
980,74,29,0,3,32.5,78.89,0,60,46.36
981,10,1,1,0,50,10,100,0,38.5
982,41,17,0,0,73.75,92.22,0,0,54.4
983,44,11,1,1,70.0,98.89,100,20,78.61
984,94,10,0,2,7.5,100,0,40,43.25
985,77,62,0,3,28.75,42.22,0,60,32.4
986,84,22,1,1,20.0,86.67,100,20,59.33
987,7,1,1,1,35,10,100,20,37.0
988,25,14,1,5,93.75,95.56,100,100,96.57
989,37,20,0,0,78.75,88.89,0,0,54.74
990,7,4,1,1,35,40,100,20,47.5
991,7,3,0,3,35,30,0,60,30.0
992,12,5,1,1,60,50,100,20,58.5
993,13,1,0,1,65,10,0,20,26.0
994,82,38,0,3,22.5,68.89,0,60,39.86
995,15,5,1,3,75,50,100,60,69.0
996,63,58,1,0,46.25,46.67,100,0,50.21
997,83,70,1,1,21.25,33.33,100,20,41.04
998,48,25,1,1,65.0,83.33,100,20,71.67
999,58,3,1,3,52.5,30,100,60,55.25
1000,60,17,0,2,50.0,92.22,0,40,53.28
1001,73,8,0,5,33.75,80,0,100,53.12
1002,86,13,0,5,17.5,96.67,0,100,54.08
1003,45,35,1,4,68.75,72.22,100,80,77.9
1004,30,18,0,3,87.5,91.11,0,60,67.14
1005,67,54,1,4,41.25,51.11,100,80,62.26
1006,31,16,1,0,86.25,93.33,100,0,78.54
1007,51,46,0,4,61.25,60.0,0,80,51.38
1008,74,67,0,0,32.5,36.67,0,0,22.58
1009,97,58,0,1,3.75,46.67,0,20,20.46
1010,28,26,0,1,90.0,82.22,0,20,58.78
1011,6,4,0,5,30,40,0,100,38.0
1012,56,13,0,4,55.0,96.67,0,80,62.33
1013,34,21,0,0,82.5,87.78,0,0,55.47
1014,50,36,1,4,62.5,71.11,100,80,75.64
1015,42,18,1,0,72.5,91.11,100,0,73.64
1016,90,80,1,0,12.5,22.22,100,0,31.53
1017,54,10,0,4,57.5,100,0,80,64.25
1018,76,75,0,0,30.0,27.78,0,0,18.72
1019,73,13,1,4,33.75,96.67,100,80,75.96
1020,45,27,1,3,68.75,81.11,100,60,78.01
1021,84,63,1,0,20.0,41.11,100,0,40.39
1022,23,9,1,1,96.25,90,100,20,83.38
1023,80,78,1,0,25.0,24.44,100,0,36.05
1024,51,22,0,0,61.25,86.67,0,0,48.71
1025,96,61,1,2,5.0,43.33,100,40,42.67
1026,3,2,1,2,15,20,100,40,37.5
1027,36,32,0,1,80.0,75.56,0,20,53.45
1028,18,10,1,2,90,100,100,40,88.0
1029,35,27,0,1,81.25,81.11,0,20,55.76
1030,57,14,1,5,53.75,95.56,100,100,84.57
1031,63,49,1,0,46.25,56.67,100,0,53.71
1032,66,21,0,2,42.5,87.78,0,40,49.47
1033,91,65,1,1,11.25,38.89,100,20,39.99
1034,100,68,0,1,0.0,35.56,0,20,15.45
1035,25,7,0,1,93.75,70,0,20,55.62
1036,5,4,0,2,25,40,0,40,27.5
1037,91,26,1,2,11.25,82.22,100,40,58.15
1038,60,33,1,5,50.0,74.44,100,100,76.05
1039,16,1,0,2,80,10,0,40,33.5
1040,63,39,1,1,46.25,67.78,100,20,60.6
1041,61,38,1,2,48.75,68.89,100,40,64.74
1042,21,9,0,2,98.75,90,0,40,67.12
1043,4,4,0,1,20,40,0,20,23.0
1044,74,28,0,5,32.5,80.0,0,100,52.75
1045,29,22,0,2,88.75,86.67,0,40,62.96
1046,84,53,0,5,20.0,52.22,0,100,39.28
1047,2,2,0,5,10,20,0,100,25.0
1048,23,20,0,1,96.25,88.89,0,20,62.99
1049,33,20,1,3,83.75,88.89,100,60,85.24
1050,49,23,1,2,63.75,85.56,100,40,75.07
1051,28,15,1,5,90.0,94.44,100,100,95.05
1052,67,51,0,0,41.25,54.44,0,0,31.43
1053,66,48,1,2,42.5,57.78,100,40,58.97
1054,88,14,1,0,15.0,95.56,100,0,57.95
1055,44,18,1,2,70.0,91.11,100,40,78.89
1056,34,20,0,1,82.5,88.89,0,20,58.86
1057,67,31,0,4,41.25,76.67,0,80,51.21
1058,52,43,1,5,60.0,63.33,100,100,75.17
1059,18,1,1,2,90,10,100,40,56.5
1060,34,27,1,3,82.5,81.11,100,60,82.14
1061,95,5,0,2,6.25,50,0,40,25.38
1062,93,92,0,5,8.75,8.89,0,100,20.74
1063,69,61,1,4,38.75,43.33,100,80,58.79
1064,39,11,0,2,76.25,98.89,0,40,63.49
1065,13,8,0,5,65,80,0,100,62.5
1066,34,12,1,5,82.5,97.78,100,100,93.97
1067,12,4,1,1,60,40,100,20,55.0
1068,96,40,1,2,5.0,66.67,100,40,50.83
1069,48,17,1,3,65.0,92.22,100,60,80.78
1070,16,16,0,5,80,93.33,0,100,71.67
1071,75,75,0,3,31.25,27.78,0,60,28.1
1072,25,17,0,5,93.75,92.22,0,100,75.4
1073,49,34,1,3,63.75,73.33,100,60,73.79
1074,7,7,0,1,35,70,0,20,38.0
1075,26,11,1,4,92.5,98.89,100,80,94.36
1076,59,10,1,5,51.25,100,100,100,85.38
1077,24,3,1,2,95.0,30,100,40,65.0
1078,81,23,1,5,23.75,85.56,100,100,72.07
1079,8,1,1,2,40,10,100,40,41.5
1080,27,25,0,4,91.25,83.33,0,80,68.54
1081,98,21,1,0,2.5,87.78,100,0,51.47
1082,17,14,1,3,85,95.56,100,60,87.95
1083,55,31,1,0,56.25,76.67,100,0,63.71
1084,5,5,0,5,25,50,0,100,40.0
1085,48,1,1,4,65.0,10,100,80,55.0
1086,25,1,0,5,93.75,10,0,100,46.62
1087,94,32,0,5,7.5,75.56,0,100,43.7
1088,45,20,0,0,68.75,88.89,0,0,51.74
1089,50,33,1,1,62.5,74.44,100,20,67.8
1090,9,1,1,2,45,10,100,40,43.0
1091,59,47,1,3,51.25,58.89,100,60,64.99
1092,88,18,1,3,15.0,91.11,100,60,65.39
1093,46,13,0,3,67.5,96.67,0,60,63.08
1094,3,1,0,5,15,10,0,100,23.0
1095,17,7,0,4,85,70,0,80,62.0
1096,65,22,0,2,43.75,86.67,0,40,49.46
1097,92,84,0,3,10.0,17.78,0,60,18.22
1098,82,33,0,4,22.5,74.44,0,80,44.8
1099,7,6,0,5,35,60,0,100,46.5
1100,3,1,0,3,15,10,0,60,17.0
1101,57,25,0,4,53.75,83.33,0,80,57.29
1102,33,31,0,1,83.75,76.67,0,20,54.96
1103,89,88,0,2,13.75,13.33,0,40,14.79
1104,54,43,0,5,57.5,63.33,0,100,54.42
1105,67,35,0,3,41.25,72.22,0,60,46.65
1106,14,9,0,2,70,90,0,40,58.5
1107,15,13,0,3,75,96.67,0,60,65.33
1108,26,20,0,2,92.5,88.89,0,40,64.86
1109,67,26,1,5,41.25,82.22,100,100,76.15
1110,53,19,0,0,58.75,90.0,0,0,49.12
1111,71,64,0,5,36.25,40.0,0,100,39.88
1112,62,22,0,0,47.5,86.67,0,0,44.58
1113,2,1,0,4,10,10,0,80,18.5
1114,86,64,0,0,17.5,40.0,0,0,19.25
1115,100,66,0,5,0.0,37.78,0,100,28.22
1116,93,13,1,5,8.75,96.67,100,100,71.46
1117,30,15,1,2,87.5,94.44,100,40,85.3
1118,60,4,0,1,50.0,40,0,20,32.0
1119,6,3,1,5,30,30,100,100,54.5
1120,41,28,0,0,73.75,80.0,0,0,50.12
1121,98,6,0,1,2.5,60,0,20,24.75
1122,85,83,0,2,18.75,18.89,0,40,18.24
1123,46,29,1,5,67.5,78.89,100,100,82.86
1124,12,6,1,1,60,60,100,20,62.0
1125,15,7,1,3,75,70,100,60,76.0
1126,35,25,1,3,81.25,83.33,100,60,82.54
1127,84,22,0,1,20.0,86.67,0,20,39.33
1128,90,8,0,0,12.5,80,0,0,31.75
1129,54,38,1,4,57.5,68.89,100,80,73.36
1130,87,57,0,4,16.25,47.78,0,80,33.6
1131,49,23,0,5,63.75,85.56,0,100,64.07
1132,94,17,1,3,7.5,92.22,100,60,63.53
1133,15,15,1,3,75,94.44,100,60,84.55
1134,6,1,1,5,30,10,100,100,47.5
1135,41,1,0,5,73.75,10,0,100,40.62
1136,44,34,0,3,70.0,73.33,0,60,55.67
1137,85,32,1,2,18.75,75.56,100,40,58.07
1138,85,83,1,1,18.75,18.89,100,20,35.24
1139,72,7,0,5,35.0,70,0,100,50.0
1140,21,17,1,3,98.75,92.22,100,60,90.9
1141,22,3,1,2,97.5,30,100,40,65.75
1142,31,11,1,0,86.25,98.89,100,0,80.49
1143,65,29,1,3,43.75,78.89,100,60,69.74
1144,31,3,1,3,86.25,30,100,60,65.38
1145,74,58,0,3,32.5,46.67,0,60,35.08
1146,58,21,0,3,52.5,87.78,0,60,55.47
1147,96,84,0,0,5.0,17.78,0,0,7.72
1148,52,27,0,4,60.0,81.11,0,80,58.39
1149,71,1,0,4,36.25,10,0,80,26.38
1150,80,39,0,5,25.0,67.78,0,100,46.22
1151,86,59,1,2,17.5,45.56,100,40,47.2
1152,7,7,0,3,35,70,0,60,44.0
1153,43,36,1,5,71.25,71.11,100,100,81.26
1154,85,47,1,0,18.75,58.89,100,0,46.24
1155,13,13,0,0,65,96.67,0,0,53.33
1156,44,23,1,4,70.0,85.56,100,80,82.95
1157,67,48,0,0,41.25,57.78,0,0,32.6
1158,22,16,0,5,97.5,93.33,0,100,76.92
1159,96,93,1,0,5.0,7.78,100,0,24.22
1160,33,13,0,0,83.75,96.67,0,0,58.96
1161,51,14,1,1,61.25,95.56,100,20,74.82
1162,92,44,0,3,10.0,62.22,0,60,33.78
1163,6,6,0,3,30,60,0,60,39.0
1164,59,43,0,3,51.25,63.33,0,60,46.54
1165,1,1,1,4,5,10,100,80,37.0
1166,62,60,0,5,47.5,44.44,0,100,44.8
1167,75,23,0,0,31.25,85.56,0,0,39.32
1168,50,43,1,4,62.5,63.33,100,80,72.92
1169,50,27,0,2,62.5,81.11,0,40,53.14
1170,51,22,1,3,61.25,86.67,100,60,77.71
1171,18,5,1,4,90,50,100,80,76.5
1172,90,66,1,5,12.5,37.78,100,100,51.97
1173,71,41,0,1,36.25,65.56,0,20,36.82
1174,27,20,1,5,91.25,88.89,100,100,93.49
1175,45,44,0,5,68.75,62.22,0,100,57.4
1176,84,23,1,5,20.0,85.56,100,100,70.95
1177,15,13,1,4,75,96.67,100,80,88.33
1178,62,38,1,5,47.5,68.89,100,100,73.36
1179,96,69,1,3,5.0,34.44,100,60,42.55
1180,2,1,0,3,10,10,0,60,15.5
1181,19,2,0,1,95,20,0,20,38.5
1182,35,11,1,5,81.25,98.89,100,100,93.99
1183,33,10,0,5,83.75,100,0,100,75.12
1184,38,14,0,2,77.5,95.56,0,40,62.7
1185,58,7,0,5,52.5,70,0,100,55.25
1186,83,72,1,1,21.25,31.11,100,20,40.26
1187,66,37,0,3,42.5,70.0,0,60,46.25
1188,50,27,1,4,62.5,81.11,100,80,79.14
1189,7,1,1,1,35,10,100,20,37.0
1190,80,57,0,5,25.0,47.78,0,100,39.22
1191,91,91,1,4,11.25,10.0,100,80,38.88
1192,70,26,0,2,37.5,82.22,0,40,46.03
1193,58,12,0,1,52.5,97.78,0,20,52.97
1194,23,17,0,3,96.25,92.22,0,60,70.15
1195,6,4,1,4,30,40,100,80,55.0
1196,34,9,0,4,82.5,90,0,80,68.25
1197,33,1,1,3,83.75,10,100,60,57.62
1198,91,20,0,1,11.25,88.89,0,20,37.49
1199,42,39,0,5,72.5,67.78,0,100,60.47
1200,79,39,1,4,26.25,67.78,100,80,63.6
1201,71,46,0,5,36.25,60.0,0,100,46.88
1202,41,34,0,1,73.75,73.33,0,20,50.79
1203,67,9,0,3,41.25,90,0,60,52.88
1204,70,69,1,0,37.5,34.44,100,0,43.3
1205,45,15,0,5,68.75,94.44,0,100,68.68
1206,43,22,1,2,71.25,86.67,100,40,77.71
1207,28,25,1,4,90.0,83.33,100,80,88.17
1208,97,84,0,0,3.75,17.78,0,0,7.35
1209,86,45,1,1,17.5,61.11,100,20,49.64
1210,83,79,0,0,21.25,23.33,0,0,14.54
1211,88,42,1,0,15.0,64.44,100,0,47.05
1212,50,17,1,0,62.5,92.22,100,0,71.03
1213,67,48,1,3,41.25,57.78,100,60,61.6
1214,6,3,0,2,30,30,0,40,25.5
1215,66,11,0,1,42.5,98.89,0,20,50.36
1216,99,69,0,5,1.25,34.44,0,100,27.43
1217,9,4,0,5,45,40,0,100,42.5
1218,55,54,0,1,56.25,51.11,0,20,37.76
1219,69,56,0,5,38.75,48.89,0,100,43.74
1220,88,20,0,3,15.0,88.89,0,60,44.61
1221,92,43,0,0,10.0,63.33,0,0,25.17
1222,10,1,0,2,50,10,0,40,24.5
1223,72,10,0,2,35.0,100,0,40,51.5
1224,53,25,1,5,58.75,83.33,100,100,81.79
1225,52,28,1,0,60.0,80.0,100,0,66.0
1226,50,44,0,4,62.5,62.22,0,80,52.53
1227,1,1,0,5,5,10,0,100,20.0
1228,10,6,0,2,50,60,0,40,42.0
1229,88,39,0,2,15.0,67.78,0,40,34.22
1230,98,57,1,3,2.5,47.78,100,60,46.47
1231,85,4,1,1,18.75,40,100,20,42.62
1232,69,29,0,5,38.75,78.89,0,100,54.24
1233,51,51,1,5,61.25,54.44,100,100,72.43
1234,19,10,1,0,95,100,100,0,83.5
1235,71,19,0,0,36.25,90.0,0,0,42.38
1236,1,1,0,2,5,10,0,40,11.0
1237,27,24,1,1,91.25,84.44,100,20,79.93
1238,53,42,0,1,58.75,64.44,0,20,43.18
1239,24,8,1,1,95.0,80,100,20,79.5
1240,15,3,0,4,75,30,0,80,45.0
1241,60,42,0,2,50.0,64.44,0,40,43.55
1242,86,9,1,0,17.5,90,100,0,56.75
1243,26,24,1,2,92.5,84.44,100,40,83.3
1244,46,9,0,0,67.5,90,0,0,51.75
1245,37,5,0,2,78.75,50,0,40,47.12
1246,63,29,1,4,46.25,78.89,100,80,73.49
1247,85,40,0,4,18.75,66.67,0,80,40.96
1248,73,47,1,3,33.75,58.89,100,60,59.74
1249,22,1,1,1,97.5,10,100,20,55.75
1250,29,23,1,2,88.75,85.56,100,40,82.57
1251,47,9,1,3,66.25,90,100,60,80.38
1252,60,29,1,2,50.0,78.89,100,40,68.61
1253,63,36,0,1,46.25,71.11,0,20,41.76
1254,83,78,0,2,21.25,24.44,0,40,20.93
1255,18,18,0,2,90,91.11,0,40,64.89
1256,94,81,0,5,7.5,21.11,0,100,24.64
1257,10,1,0,4,50,10,0,80,30.5
1258,75,52,0,0,31.25,53.33,0,0,28.04
1259,71,34,1,5,36.25,73.33,100,100,71.54
1260,100,20,1,3,0.0,88.89,100,60,60.11
1261,29,29,1,1,88.75,78.89,100,20,77.24
1262,60,33,0,3,50.0,74.44,0,60,50.05
1263,47,33,0,5,66.25,74.44,0,100,60.93
1264,31,28,0,4,86.25,80.0,0,80,65.88
1265,18,15,0,1,90,94.44,0,20,63.05
1266,73,73,0,5,33.75,30.0,0,100,35.62
1267,94,62,1,0,7.5,42.22,100,0,37.03
1268,29,25,1,1,88.75,83.33,100,20,78.79
1269,9,5,1,1,45,50,100,20,54.0
1270,6,6,0,4,30,60,0,80,42.0
1271,47,25,1,3,66.25,83.33,100,60,78.04
1272,6,1,1,0,30,10,100,0,32.5
1273,91,67,1,5,11.25,36.67,100,100,51.21
1274,34,12,1,5,82.5,97.78,100,100,93.97
1275,49,24,0,4,63.75,84.44,0,80,60.68
1276,33,25,0,4,83.75,83.33,0,80,66.29
1277,52,23,1,3,60.0,85.56,100,60,76.95
1278,62,57,0,4,47.5,47.78,0,80,42.97
1279,18,15,0,1,90,94.44,0,20,63.05
1280,10,9,1,1,50,90,100,20,69.5
1281,20,6,0,2,100,60,0,40,57.0
1282,78,16,0,3,27.5,93.33,0,60,49.92
1283,43,8,1,5,71.25,80,100,100,84.38
1284,62,31,0,4,47.5,76.67,0,80,53.08
1285,21,21,1,0,98.75,87.78,100,0,80.35
1286,32,3,0,4,85.0,30,0,80,48.0
1287,76,21,0,5,30.0,87.78,0,100,54.72
1288,66,6,0,0,42.5,60,0,0,33.75
1289,22,9,0,4,97.5,90,0,80,72.75
1290,52,39,0,5,60.0,67.78,0,100,56.72
1291,94,85,1,0,7.5,16.67,100,0,28.08
1292,28,15,1,3,90.0,94.44,100,60,89.05
1293,22,8,1,4,97.5,80,100,80,89.25
1294,19,19,0,4,95,90.0,0,80,72.0
1295,85,66,1,1,18.75,37.78,100,20,41.85
1296,93,88,1,3,8.75,13.33,100,60,36.29
1297,77,76,0,1,28.75,26.67,0,20,20.96
1298,49,25,0,0,63.75,83.33,0,0,48.29
1299,3,1,1,1,15,10,100,20,31.0
1300,78,13,0,3,27.5,96.67,0,60,51.08
1301,79,77,0,4,26.25,25.56,0,80,28.82
1302,65,16,0,3,43.75,93.33,0,60,54.79
1303,85,17,0,5,18.75,92.22,0,100,52.9
1304,84,56,1,2,20.0,48.89,100,40,49.11
1305,6,6,1,1,30,60,100,20,53.0
1306,62,51,1,2,47.5,54.44,100,40,59.3
1307,76,74,0,3,30.0,28.89,0,60,28.11
1308,18,9,1,1,90,90,100,20,81.5
1309,11,5,1,2,55,50,100,40,60.0
1310,25,1,0,4,93.75,10,0,80,43.62
1311,67,16,0,3,41.25,93.33,0,60,54.04
1312,84,27,1,3,20.0,81.11,100,60,63.39
1313,47,7,0,3,66.25,70,0,60,53.38
1314,84,75,1,2,20.0,27.78,100,40,41.72
1315,69,55,1,4,38.75,50.0,100,80,61.12
1316,36,26,0,3,80.0,82.22,0,60,61.78
1317,71,62,0,2,36.25,42.22,0,40,31.65
1318,72,72,1,2,35.0,31.11,100,40,47.39
1319,40,37,1,5,75.0,70.0,100,100,82.0
1320,51,48,0,5,61.25,57.78,0,100,53.6
1321,16,8,1,5,80,80,100,100,87.0
1322,21,4,0,4,98.75,40,0,80,55.62
1323,52,51,1,4,60.0,54.44,100,80,69.05
1324,79,7,0,3,26.25,70,0,60,41.38
1325,82,1,0,1,22.5,10,0,20,13.25
1326,61,60,1,0,48.75,44.44,100,0,50.18
1327,9,5,0,2,45,50,0,40,37.0
1328,11,10,0,5,55,100,0,100,66.5
1329,50,26,1,5,62.5,82.22,100,100,82.53
1330,77,8,0,5,28.75,80,0,100,51.62
1331,64,57,0,1,45.0,47.78,0,20,33.22
1332,85,67,1,1,18.75,36.67,100,20,41.46
1333,5,5,0,4,25,50,0,80,37.0
1334,22,22,0,2,97.5,86.67,0,40,65.58
1335,31,21,0,1,86.25,87.78,0,20,59.6
1336,12,5,1,2,60,50,100,40,61.5
1337,86,51,1,4,17.5,54.44,100,80,56.3
1338,26,17,0,5,92.5,92.22,0,100,75.03
1339,91,9,0,4,11.25,90,0,80,46.88
1340,37,36,1,2,78.75,71.11,100,40,74.51
1341,36,15,0,3,80.0,94.44,0,60,66.05
1342,52,37,0,2,60.0,70.0,0,40,48.5
1343,23,14,0,4,96.25,95.56,0,80,74.32
1344,10,9,1,2,50,90,100,40,72.5
1345,15,13,1,4,75,96.67,100,80,88.33
1346,74,33,1,3,32.5,74.44,100,60,64.8
1347,73,62,0,2,33.75,42.22,0,40,30.9
1348,100,59,1,4,0.0,45.56,100,80,47.95
1349,4,4,0,2,20,40,0,40,26.0
1350,9,7,0,5,45,70,0,100,53.0
1351,90,30,1,3,12.5,77.78,100,60,59.97
1352,46,34,0,5,67.5,73.33,0,100,60.92
1353,34,16,1,0,82.5,93.33,100,0,77.42
1354,52,44,1,0,60.0,62.22,100,0,59.78
1355,71,23,1,2,36.25,85.56,100,40,66.82
1356,46,14,1,1,67.5,95.56,100,20,76.7
1357,96,88,0,3,5.0,13.33,0,60,15.17
1358,95,26,0,5,6.25,82.22,0,100,45.65
1359,31,28,1,1,86.25,80.0,100,20,76.88
1360,30,7,0,4,87.5,70,0,80,62.75
1361,46,10,0,0,67.5,100,0,0,55.25
1362,11,11,1,4,55,98.89,100,80,83.11
1363,1,1,1,2,5,10,100,40,31.0
1364,80,41,1,4,25.0,65.56,100,80,62.45
1365,36,32,0,4,80.0,75.56,0,80,62.45
1366,36,26,0,4,80.0,82.22,0,80,64.78
1367,17,2,1,3,85,20,100,60,61.5
1368,70,5,1,3,37.5,50,100,60,57.75
1369,88,23,1,0,15.0,85.56,100,0,54.45
1370,90,67,1,2,12.5,36.67,100,40,42.58
1371,89,2,0,5,13.75,20,0,100,26.12
1372,27,13,0,2,91.25,96.67,0,40,67.21
1373,47,40,1,1,66.25,66.67,100,20,66.21
1374,71,34,0,2,36.25,73.33,0,40,42.54
1375,61,40,1,2,48.75,66.67,100,40,63.96
1376,24,16,1,1,95.0,93.33,100,20,84.17
1377,54,45,1,2,57.5,61.11,100,40,64.64
1378,52,18,1,1,60.0,91.11,100,20,72.89
1379,74,17,0,0,32.5,92.22,0,0,42.03
1380,93,35,0,4,8.75,72.22,0,80,39.9
1381,56,55,1,1,55.0,50.0,100,20,57.0
1382,19,5,1,0,95,50,100,0,66.0
1383,23,14,1,1,96.25,95.56,100,20,85.32
1384,81,67,1,3,23.75,36.67,100,60,48.96
1385,39,17,0,3,76.25,92.22,0,60,64.15
1386,13,12,0,0,65,97.78,0,0,53.72
1387,28,27,1,3,90.0,81.11,100,60,84.39
1388,81,13,1,5,23.75,96.67,100,100,75.96
1389,43,17,1,2,71.25,92.22,100,40,79.65
1390,72,72,1,2,35.0,31.11,100,40,47.39
1391,3,2,0,2,15,20,0,40,17.5
1392,87,78,0,4,16.25,24.44,0,80,25.43
1393,74,69,0,2,32.5,34.44,0,40,27.8
1394,46,21,1,5,67.5,87.78,100,100,85.97
1395,58,57,0,3,52.5,47.78,0,60,41.47
1396,79,37,1,5,26.25,70.0,100,100,67.38
1397,19,6,1,3,95,60,100,60,78.5
1398,81,79,1,0,23.75,23.33,100,0,35.29
1399,11,3,1,1,55,30,100,20,50.0
1400,41,21,1,5,73.75,87.78,100,100,87.85
1401,35,26,1,3,81.25,82.22,100,60,82.15
1402,100,47,1,3,0.0,58.89,100,60,49.61
1403,22,6,0,1,97.5,60,0,20,53.25
1404,94,31,1,5,7.5,76.67,100,100,64.08
1405,90,11,0,1,12.5,98.89,0,20,41.36
1406,51,7,0,0,61.25,70,0,0,42.88
1407,61,36,0,0,48.75,71.11,0,0,39.51
1408,99,51,0,0,1.25,54.44,0,0,19.43
1409,34,10,0,5,82.5,100,0,100,74.75
1410,50,20,0,1,62.5,88.89,0,20,52.86
1411,95,37,1,5,6.25,70.0,100,100,61.38
1412,17,5,0,0,85,50,0,0,43.0
1413,5,3,1,3,25,30,100,60,47.0
1414,60,56,1,4,50.0,48.89,100,80,64.11
1415,57,9,0,4,53.75,90,0,80,59.62
1416,77,59,1,4,28.75,45.56,100,80,56.57
1417,82,82,1,2,22.5,20.0,100,40,39.75
1418,62,35,0,0,47.5,72.22,0,0,39.53
1419,57,20,1,3,53.75,88.89,100,60,76.24
1420,34,10,1,0,82.5,100,100,0,79.75
1421,1,1,1,2,5,10,100,40,31.0
1422,61,35,0,5,48.75,72.22,0,100,54.9
1423,63,61,1,2,46.25,43.33,100,40,55.04
1424,2,2,1,4,10,20,100,80,42.0
1425,30,26,0,4,87.5,82.22,0,80,67.03
1426,48,13,1,4,65.0,96.67,100,80,85.33
1427,56,26,0,1,55.0,82.22,0,20,48.28
1428,92,83,1,3,10.0,18.89,100,60,38.61
1429,29,9,0,3,88.75,90,0,60,67.12
1430,81,31,1,2,23.75,76.67,100,40,59.96
1431,84,69,1,3,20.0,34.44,100,60,47.05
1432,25,3,0,1,93.75,30,0,20,41.62
1433,38,8,1,4,77.5,80,100,80,83.25
1434,58,18,1,1,52.5,91.11,100,20,70.64
1435,42,2,0,0,72.5,20,0,0,28.75
1436,69,3,0,0,38.75,30,0,0,22.12
1437,37,18,0,5,78.75,91.11,0,100,70.51
1438,57,47,0,1,53.75,58.89,0,20,39.74
1439,12,3,0,3,60,30,0,60,37.5
1440,28,11,1,2,90.0,98.89,100,40,87.61
1441,64,48,1,5,45.0,57.78,100,100,68.72
1442,5,3,0,1,25,30,0,20,21.0
1443,8,5,1,0,40,50,100,0,49.5
1444,70,61,0,1,37.5,43.33,0,20,29.42
1445,33,25,0,0,83.75,83.33,0,0,54.29
1446,99,92,0,3,1.25,8.89,0,60,12.49
1447,99,57,0,5,1.25,47.78,0,100,32.1
1448,5,2,1,5,25,20,100,100,49.5
1449,99,13,0,3,1.25,96.67,0,60,43.21
1450,50,44,1,2,62.5,62.22,100,40,66.53
1451,21,21,0,5,98.75,87.78,0,100,75.35
1452,71,67,0,2,36.25,36.67,0,40,29.71
1453,62,41,1,1,47.5,65.56,100,20,60.2
1454,47,4,0,0,66.25,40,0,0,33.88
1455,31,21,1,2,86.25,87.78,100,40,82.6
1456,2,1,1,4,10,10,100,80,38.5
1457,16,13,0,0,80,96.67,0,0,57.83
1458,6,5,1,5,30,50,100,100,61.5
1459,77,20,1,0,28.75,88.89,100,0,59.74
1460,32,11,1,0,85.0,98.89,100,0,80.11
1461,88,80,1,5,15.0,22.22,100,100,47.28
1462,8,1,1,5,40,10,100,100,50.5
1463,20,18,0,1,100,91.11,0,20,64.89
1464,63,15,1,4,46.25,94.44,100,80,78.93
1465,83,45,1,5,21.25,61.11,100,100,62.76
1466,25,1,1,2,93.75,10,100,40,57.62
1467,93,18,1,0,8.75,91.11,100,0,54.51
1468,63,46,1,4,46.25,60.0,100,80,66.88
1469,38,35,1,1,77.5,72.22,100,20,71.53
1470,73,24,1,2,33.75,84.44,100,40,65.68
1471,94,60,1,4,7.5,44.44,100,80,49.8
1472,71,21,0,4,36.25,87.78,0,80,53.6
1473,20,15,1,2,100,94.44,100,40,89.05
1474,70,47,1,0,37.5,58.89,100,0,51.86
1475,100,82,1,5,0.0,20.0,100,100,42.0
1476,24,1,1,4,95.0,10,100,80,64.0
1477,31,11,0,5,86.25,98.89,0,100,75.49
1478,69,50,0,4,38.75,55.56,0,80,43.07
1479,88,64,0,4,15.0,40.0,0,80,30.5
1480,37,21,1,5,78.75,87.78,100,100,89.35
1481,42,8,0,4,72.5,80,0,80,61.75
1482,85,9,0,1,18.75,90,0,20,40.12
1483,23,2,0,0,96.25,20,0,0,35.88
1484,63,13,0,0,46.25,96.67,0,0,47.71
1485,74,50,1,4,32.5,55.56,100,80,61.2
1486,80,76,1,0,25.0,26.67,100,0,36.83
1487,47,15,0,0,66.25,94.44,0,0,52.93
1488,27,21,1,0,91.25,87.78,100,0,78.1
1489,60,52,0,2,50.0,53.33,0,40,39.67
1490,72,54,1,5,35.0,51.11,100,100,63.39
1491,8,5,0,5,40,50,0,100,44.5
1492,10,5,0,1,50,50,0,20,35.5
1493,67,13,0,5,41.25,96.67,0,100,61.21
1494,30,18,1,1,87.5,91.11,100,20,81.14
1495,25,17,0,4,93.75,92.22,0,80,72.4
1496,81,23,1,5,23.75,85.56,100,100,72.07
1497,14,13,1,5,70,96.67,100,100,89.83
1498,59,45,1,0,51.25,61.11,100,0,56.76
1499,22,6,1,4,97.5,60,100,80,82.25
1500,44,43,0,4,70.0,63.33,0,80,55.17
1501,77,57,1,2,28.75,47.78,100,40,51.35
1502,71,42,1,3,36.25,64.44,100,60,62.43
1503,98,82,1,5,2.5,20.0,100,100,42.75
1504,42,39,0,4,72.5,67.78,0,80,57.47
1505,70,28,1,4,37.5,80.0,100,80,71.25
1506,96,33,1,3,5.0,74.44,100,60,56.55
1507,58,26,0,5,52.5,82.22,0,100,59.53
1508,5,3,0,4,25,30,0,80,30.0
1509,18,10,0,2,90,100,0,40,68.0
1510,29,7,1,0,88.75,70,100,0,71.12
1511,99,89,1,4,1.25,12.22,100,80,36.65
1512,66,20,0,0,42.5,88.89,0,0,43.86
1513,59,23,0,1,51.25,85.56,0,20,48.32
1514,34,24,0,1,82.5,84.44,0,20,57.3
1515,33,20,0,4,83.75,88.89,0,80,68.24
1516,52,37,0,5,60.0,70.0,0,100,57.5
1517,10,6,1,1,50,60,100,20,59.0
1518,63,53,0,4,46.25,52.22,0,80,44.15
1519,83,39,0,5,21.25,67.78,0,100,45.1
1520,74,49,0,0,32.5,56.67,0,0,29.58
1521,99,43,1,3,1.25,63.33,100,60,51.54
1522,54,8,0,5,57.5,80,0,100,60.25
1523,84,78,0,5,20.0,24.44,0,100,29.55
1524,100,81,1,0,0.0,21.11,100,0,27.39
1525,40,34,0,2,75.0,73.33,0,40,54.17
1526,70,20,1,4,37.5,88.89,100,80,74.36
1527,90,29,0,0,12.5,78.89,0,0,31.36
1528,87,51,1,4,16.25,54.44,100,80,55.93
1529,74,65,0,1,32.5,38.89,0,20,26.36
1530,56,19,1,1,55.0,90.0,100,20,71.0
1531,17,11,0,3,85,98.89,0,60,69.11
1532,74,7,1,2,32.5,70,100,40,60.25
1533,11,7,1,5,55,70,100,100,76.0
1534,17,5,1,4,85,50,100,80,75.0
1535,26,16,1,5,92.5,93.33,100,100,95.42
1536,74,26,0,1,32.5,82.22,0,20,41.53
1537,10,5,1,2,50,50,100,40,58.5
1538,88,74,0,0,15.0,28.89,0,0,14.61
1539,86,53,1,2,17.5,52.22,100,40,49.53
1540,45,13,1,2,68.75,96.67,100,40,80.46
1541,77,4,1,1,28.75,40,100,20,45.62
1542,45,40,1,4,68.75,66.67,100,80,75.96
1543,19,15,0,1,95,94.44,0,20,64.55
1544,26,22,1,1,92.5,86.67,100,20,81.08
1545,97,94,0,0,3.75,6.67,0,0,3.46
1546,95,7,0,4,6.25,70,0,80,38.38
1547,19,10,0,2,95,100,0,40,69.5
1548,89,15,1,3,13.75,94.44,100,60,66.18
1549,61,2,1,1,48.75,20,100,20,44.62
1550,95,69,0,1,6.25,34.44,0,20,16.93
1551,70,67,1,4,37.5,36.67,100,80,56.08
1552,62,40,0,5,47.5,66.67,0,100,52.58
1553,90,86,0,3,12.5,15.56,0,60,18.2
1554,75,68,0,2,31.25,35.56,0,40,27.82
1555,22,2,1,1,97.5,20,100,20,59.25
1556,90,80,1,0,12.5,22.22,100,0,31.53
1557,60,42,0,0,50.0,64.44,0,0,37.55
1558,50,43,1,5,62.5,63.33,100,100,75.92
1559,85,47,0,0,18.75,58.89,0,0,26.24
1560,38,25,0,3,77.5,83.33,0,60,61.42
1561,66,13,1,3,42.5,96.67,100,60,75.58
1562,77,69,0,1,28.75,34.44,0,20,23.68
1563,26,17,1,4,92.5,92.22,100,80,92.03
1564,92,3,0,1,10.0,30,0,20,16.5
1565,68,40,1,3,40.0,66.67,100,60,64.33
1566,51,48,0,0,61.25,57.78,0,0,38.6
1567,45,44,1,2,68.75,62.22,100,40,68.4
1568,81,39,0,4,23.75,67.78,0,80,42.85
1569,36,4,1,3,80.0,40,100,60,67.0
1570,4,3,0,1,20,30,0,20,19.5
1571,44,26,0,0,70.0,82.22,0,0,49.78
1572,94,49,0,3,7.5,56.67,0,60,31.08
1573,31,19,0,3,86.25,90.0,0,60,66.38
1574,40,39,1,3,75.0,67.78,100,60,75.22
1575,70,17,0,5,37.5,92.22,0,100,58.53
1576,18,18,0,1,90,91.11,0,20,61.89
1577,40,34,0,3,75.0,73.33,0,60,57.17
1578,99,19,0,2,1.25,90.0,0,40,37.88
1579,9,9,0,1,45,90,0,20,48.0
1580,41,10,0,2,73.75,100,0,40,63.12
1581,53,27,1,3,58.75,81.11,100,60,75.01
1582,96,82,1,1,5.0,20.0,100,20,31.5
1583,100,25,0,1,0.0,83.33,0,20,32.17
1584,24,1,1,4,95.0,10,100,80,64.0
1585,73,30,0,1,33.75,77.78,0,20,40.35
1586,88,4,1,0,15.0,40,100,0,38.5
1587,89,62,0,4,13.75,42.22,0,80,30.9
1588,78,61,1,1,27.5,43.33,100,20,46.42
1589,50,32,1,1,62.5,75.56,100,20,68.2
1590,21,7,0,0,98.75,70,0,0,54.12
1591,53,49,0,2,58.75,56.67,0,40,43.46
1592,53,15,0,1,58.75,94.44,0,20,53.68
1593,9,3,1,4,45,30,100,80,56.0
1594,63,45,1,3,46.25,61.11,100,60,64.26
1595,32,28,1,0,85.0,80.0,100,0,73.5
1596,78,49,1,3,27.5,56.67,100,60,57.08
1597,79,74,0,4,26.25,28.89,0,80,29.99
1598,14,8,1,0,70,80,100,0,69.0
1599,32,26,0,4,85.0,82.22,0,80,66.28
1600,50,34,0,1,62.5,73.33,0,20,47.42
1601,38,29,1,2,77.5,78.89,100,40,76.86
1602,100,37,1,1,0.0,70.0,100,20,47.5
1603,55,19,0,5,56.25,90.0,0,100,63.38
1604,67,19,1,5,41.25,90.0,100,100,78.88
1605,58,6,0,1,52.5,60,0,20,39.75
1606,100,75,0,3,0.0,27.78,0,60,18.72
1607,53,21,1,0,58.75,87.78,100,0,68.35
1608,23,15,0,3,96.25,94.44,0,60,70.93
1609,12,5,1,5,60,50,100,100,70.5
1610,84,21,0,0,20.0,87.78,0,0,36.72
1611,15,12,1,5,75,97.78,100,100,91.72
1612,47,6,1,5,66.25,60,100,100,75.88
1613,66,21,1,4,42.5,87.78,100,80,75.47
1614,49,3,0,2,63.75,30,0,40,35.62
1615,73,20,0,1,33.75,88.89,0,20,44.24
1616,23,23,0,3,96.25,85.56,0,60,67.82
1617,40,20,1,2,75.0,88.89,100,40,79.61
1618,81,24,0,1,23.75,84.44,0,20,39.68
1619,26,1,1,0,92.5,10,100,0,51.25
1620,59,32,1,4,51.25,75.56,100,80,73.82
1621,1,1,0,1,5,10,0,20,8.0
1622,76,61,1,3,30.0,43.33,100,60,53.17
1623,57,6,0,1,53.75,60,0,20,40.12
1624,71,36,0,0,36.25,71.11,0,0,35.76
1625,24,5,0,5,95.0,50,0,100,61.0
1626,45,3,0,0,68.75,30,0,0,31.12
1627,86,74,1,2,17.5,28.89,100,40,41.36
1628,12,1,0,3,60,10,0,60,30.5
1629,23,6,1,4,96.25,60,100,80,81.88
1630,85,77,0,3,18.75,25.56,0,60,23.57
1631,96,75,1,0,5.0,27.78,100,0,31.22
1632,12,5,1,2,60,50,100,40,61.5
1633,49,5,1,4,63.75,50,100,80,68.62
1634,9,5,1,1,45,50,100,20,54.0
1635,16,9,1,4,80,90,100,80,87.5
1636,53,34,0,5,58.75,73.33,0,100,58.29
1637,27,20,0,0,91.25,88.89,0,0,58.49
1638,74,68,0,3,32.5,35.56,0,60,31.2
1639,93,89,1,3,8.75,12.22,100,60,35.9
1640,78,41,1,4,27.5,65.56,100,80,63.2
1641,74,46,0,4,32.5,60.0,0,80,42.75
1642,73,64,1,3,33.75,40.0,100,60,53.12
1643,24,20,0,5,95.0,88.89,0,100,74.61
1644,38,13,0,0,77.5,96.67,0,0,57.08
1645,4,4,0,5,20,40,0,100,35.0
1646,27,26,1,3,91.25,82.22,100,60,85.15
1647,6,3,1,4,30,30,100,80,51.5
1648,82,28,0,5,22.5,80.0,0,100,49.75
1649,26,23,1,2,92.5,85.56,100,40,83.7
1650,9,5,1,4,45,50,100,80,63.0
1651,71,42,0,0,36.25,64.44,0,0,33.43
1652,88,43,1,3,15.0,63.33,100,60,55.67
1653,93,73,0,1,8.75,30.0,0,20,16.12
1654,25,11,1,5,93.75,98.89,100,100,97.74
1655,62,59,1,0,47.5,45.56,100,0,50.2
1656,83,18,1,1,21.25,91.11,100,20,61.26
1657,81,59,1,3,23.75,45.56,100,60,52.07
1658,53,48,0,4,58.75,57.78,0,80,49.85
1659,39,37,1,4,76.25,70.0,100,80,79.38
1660,69,3,0,4,38.75,30,0,80,34.12
1661,88,43,1,0,15.0,63.33,100,0,46.67
1662,20,9,0,2,100,90,0,40,67.5
1663,49,41,0,4,63.75,65.56,0,80,54.07
1664,78,50,0,4,27.5,55.56,0,80,39.7
1665,15,14,1,5,75,95.56,100,100,90.95
1666,41,3,1,3,73.75,30,100,60,61.62
1667,12,8,0,2,60,80,0,40,52.0
1668,58,54,1,1,52.5,51.11,100,20,56.64
1669,68,39,0,0,40.0,67.78,0,0,35.72
1670,48,3,0,0,65.0,30,0,0,30.0
1671,57,33,0,3,53.75,74.44,0,60,51.18
1672,65,20,0,2,43.75,88.89,0,40,50.24
1673,62,47,1,2,47.5,58.89,100,40,60.86
1674,19,4,0,1,95,40,0,20,45.5
1675,93,5,1,3,8.75,50,100,60,49.12
1676,92,67,0,0,10.0,36.67,0,0,15.83
1677,40,3,0,2,75.0,30,0,40,39.0
1678,60,57,0,0,50.0,47.78,0,0,31.72
1679,67,40,0,4,41.25,66.67,0,80,47.71
1680,98,40,0,2,2.5,66.67,0,40,30.08
1681,26,7,1,2,92.5,70,100,40,78.25
1682,69,41,1,5,38.75,65.56,100,100,69.57
1683,16,9,0,1,80,90,0,20,58.5
1684,36,8,0,4,80.0,80,0,80,64.0
1685,72,66,0,1,35.0,37.78,0,20,26.72
1686,70,45,1,2,37.5,61.11,100,40,58.64
1687,19,10,0,1,95,100,0,20,66.5
1688,10,5,1,4,50,50,100,80,64.5
1689,57,4,0,0,53.75,40,0,0,30.12
1690,61,58,0,0,48.75,46.67,0,0,30.96
1691,50,4,0,3,62.5,40,0,60,41.75
1692,51,12,1,4,61.25,97.78,100,80,84.6
1693,46,20,1,1,67.5,88.89,100,20,74.36
1694,92,86,0,3,10.0,15.56,0,60,17.45
1695,73,17,0,5,33.75,92.22,0,100,57.4
1696,60,7,1,2,50.0,70,100,40,65.5
1697,88,83,1,3,15.0,18.89,100,60,40.11
1698,30,8,0,4,87.5,80,0,80,66.25
1699,34,24,1,1,82.5,84.44,100,20,77.3
1700,90,86,1,2,12.5,15.56,100,40,35.2
1701,59,32,0,0,51.25,75.56,0,0,41.82
1702,61,8,1,3,48.75,80,100,60,71.62
1703,60,55,0,2,50.0,50.0,0,40,38.5
1704,99,45,0,4,1.25,61.11,0,80,33.76
1705,14,7,0,2,70,70,0,40,51.5
1706,72,10,1,4,35.0,100,100,80,77.5
1707,60,26,1,1,50.0,82.22,100,20,66.78
1708,80,32,0,3,25.0,75.56,0,60,42.95
1709,50,5,1,1,62.5,50,100,20,59.25
1710,89,76,1,3,13.75,26.67,100,60,42.46
1711,73,44,0,1,33.75,62.22,0,20,34.9
1712,85,10,1,0,18.75,100,100,0,60.62
1713,76,60,1,4,30.0,44.44,100,80,56.55
1714,13,8,0,2,65,80,0,40,53.5
1715,52,5,0,5,60.0,50,0,100,50.5
1716,77,49,1,3,28.75,56.67,100,60,57.46
1717,83,8,0,1,21.25,80,0,20,37.38
1718,18,1,0,5,90,10,0,100,45.5
1719,20,15,1,3,100,94.44,100,60,92.05
1720,79,74,1,1,26.25,28.89,100,20,40.99
1721,27,22,1,2,91.25,86.67,100,40,83.71
1722,73,39,1,5,33.75,67.78,100,100,68.85
1723,45,6,0,4,68.75,60,0,80,53.62
1724,66,52,0,2,42.5,53.33,0,40,37.42
1725,8,6,0,0,40,60,0,0,33.0
1726,91,72,1,0,11.25,31.11,100,0,34.26
1727,37,2,0,3,78.75,20,0,60,39.62
1728,90,76,1,5,12.5,26.67,100,100,48.08
1729,41,25,1,3,73.75,83.33,100,60,80.29
1730,56,35,0,5,55.0,72.22,0,100,56.78
1731,23,16,0,1,96.25,93.33,0,20,64.54
1732,72,50,1,3,35.0,55.56,100,60,58.95
1733,20,10,0,1,100,100,0,20,68.0
1734,2,1,0,1,10,10,0,20,9.5
1735,93,63,1,1,8.75,41.11,100,20,40.01
1736,11,3,1,3,55,30,100,60,56.0
1737,90,78,1,4,12.5,24.44,100,80,44.3
1738,24,15,1,4,95.0,94.44,100,80,93.55
1739,58,25,1,1,52.5,83.33,100,20,67.92
1740,24,14,0,4,95.0,95.56,0,80,73.95
1741,64,31,1,3,45.0,76.67,100,60,69.33
1742,70,47,0,0,37.5,58.89,0,0,31.86
1743,73,62,1,0,33.75,42.22,100,0,44.9
1744,75,62,0,1,31.25,42.22,0,20,27.15
1745,94,94,1,3,7.5,6.67,100,60,33.58
1746,67,11,0,1,41.25,98.89,0,20,49.99
1747,61,41,0,5,48.75,65.56,0,100,52.57
1748,82,70,1,4,22.5,33.33,100,80,50.42
1749,7,3,0,3,35,30,0,60,30.0
1750,59,33,1,4,51.25,74.44,100,80,73.43
1751,94,43,1,2,7.5,63.33,100,40,50.42
1752,38,19,0,0,77.5,90.0,0,0,54.75
1753,89,77,1,5,13.75,25.56,100,100,48.07
1754,73,34,0,5,33.75,73.33,0,100,50.79
1755,61,38,0,4,48.75,68.89,0,80,50.74
1756,7,6,1,5,35,60,100,100,66.5
1757,80,4,1,3,25.0,40,100,60,50.5
1758,11,3,0,2,55,30,0,40,33.0
1759,33,9,1,2,83.75,90,100,40,82.62
1760,33,1,0,4,83.75,10,0,80,40.62
1761,23,19,0,5,96.25,90.0,0,100,75.38
1762,58,24,0,2,52.5,84.44,0,40,51.3
1763,90,31,1,1,12.5,76.67,100,20,53.58
1764,68,5,1,0,40.0,50,100,0,49.5
1765,19,5,1,3,95,50,100,60,75.0
1766,99,50,0,5,1.25,55.56,0,100,34.82
1767,57,47,0,1,53.75,58.89,0,20,39.74
1768,74,45,0,5,32.5,61.11,0,100,46.14
1769,34,8,0,1,82.5,80,0,20,55.75
1770,60,26,1,2,50.0,82.22,100,40,69.78
1771,61,48,0,3,48.75,57.78,0,60,43.85
1772,88,50,1,2,15.0,55.56,100,40,49.95
1773,19,17,1,0,95,92.22,100,0,80.78
1774,37,29,1,5,78.75,78.89,100,100,86.24
1775,41,34,0,0,73.75,73.33,0,0,47.79
1776,69,46,1,4,38.75,60.0,100,80,64.62
1777,84,35,1,2,20.0,72.22,100,40,57.28
1778,35,7,1,5,81.25,70,100,100,83.88
1779,75,51,1,5,31.25,54.44,100,100,63.43
1780,96,31,0,4,5.0,76.67,0,80,40.33
1781,44,44,0,2,70.0,62.22,0,40,48.78
1782,71,2,0,0,36.25,20,0,0,17.88
1783,2,2,0,4,10,20,0,80,22.0
1784,14,11,1,2,70,98.89,100,40,81.61
1785,29,24,1,2,88.75,84.44,100,40,82.18
1786,25,2,0,4,93.75,20,0,80,47.12
1787,12,1,0,4,60,10,0,80,33.5
1788,82,16,0,0,22.5,93.33,0,0,39.42
1789,78,17,1,5,27.5,92.22,100,100,75.53
1790,98,83,0,0,2.5,18.89,0,0,7.36
1791,90,24,1,2,12.5,84.44,100,40,59.3
1792,60,43,0,5,50.0,63.33,0,100,52.17
1793,59,18,1,5,51.25,91.11,100,100,82.26
1794,86,42,1,1,17.5,64.44,100,20,50.8
1795,100,10,1,0,0.0,100,100,0,55.0
1796,49,25,1,0,63.75,83.33,100,0,68.29
1797,34,17,0,3,82.5,92.22,0,60,66.03
1798,9,8,0,4,45,80,0,80,53.5
1799,51,12,1,0,61.25,97.78,100,0,72.6
1800,19,18,1,1,95,91.11,100,20,83.39
1801,79,14,1,5,26.25,95.56,100,100,76.32
1802,34,7,0,0,82.5,70,0,0,49.25
1803,10,10,1,3,50,100,100,60,79.0
1804,3,2,0,5,15,20,0,100,26.5
1805,82,1,0,5,22.5,10,0,100,25.25
1806,50,18,0,5,62.5,91.11,0,100,65.64
1807,43,26,0,4,71.25,82.22,0,80,62.15
1808,91,63,1,3,11.25,41.11,100,60,46.76
1809,52,47,0,4,60.0,58.89,0,80,50.61
1810,29,1,1,5,88.75,10,100,100,65.12
1811,100,62,0,4,0.0,42.22,0,80,26.78
1812,69,46,1,5,38.75,60.0,100,100,67.62
1813,39,26,0,5,76.25,82.22,0,100,66.65
1814,83,12,1,4,21.25,97.78,100,80,72.6
1815,44,6,1,2,70.0,60,100,40,68.0
1816,83,26,0,4,21.25,82.22,0,80,47.15
1817,6,4,0,2,30,40,0,40,29.0
1818,90,50,0,5,12.5,55.56,0,100,38.2
1819,89,46,1,0,13.75,60.0,100,0,45.12
1820,81,57,0,1,23.75,47.78,0,20,26.85
1821,5,2,0,5,25,20,0,100,29.5
1822,76,31,1,3,30.0,76.67,100,60,64.83
1823,9,9,1,3,45,90,100,60,74.0
1824,69,58,0,0,38.75,46.67,0,0,27.96
1825,44,4,1,5,70.0,40,100,100,70.0
1826,6,4,0,1,30,40,0,20,26.0
1827,84,67,1,5,20.0,36.67,100,100,53.83
1828,69,20,0,0,38.75,88.89,0,0,42.74
1829,5,2,1,5,25,20,100,100,49.5
1830,3,2,0,1,15,20,0,20,14.5
1831,90,84,0,0,12.5,17.78,0,0,9.97
1832,23,21,0,2,96.25,87.78,0,40,65.6
1833,13,8,0,4,65,80,0,80,59.5
1834,9,2,0,3,45,20,0,60,29.5
1835,77,29,0,1,28.75,78.89,0,20,39.24
1836,55,22,1,2,56.25,86.67,100,40,73.21
1837,16,5,1,1,80,50,100,20,64.5
1838,98,6,0,2,2.5,60,0,40,27.75
1839,9,2,1,1,45,20,100,20,43.5
1840,97,54,0,5,3.75,51.11,0,100,34.01
1841,48,36,0,3,65.0,71.11,0,60,53.39
1842,32,3,0,0,85.0,30,0,0,36.0
1843,81,79,1,1,23.75,23.33,100,20,38.29
1844,3,2,0,0,15,20,0,0,11.5
1845,1,1,0,5,5,10,0,100,20.0
1846,84,76,1,3,20.0,26.67,100,60,44.33
1847,89,61,0,1,13.75,43.33,0,20,22.29
1848,19,9,1,3,95,90,100,60,89.0
1849,31,31,0,4,86.25,76.67,0,80,64.71
1850,89,5,0,5,13.75,50,0,100,36.62
1851,64,12,1,2,45.0,97.78,100,40,73.72
1852,54,1,0,1,57.5,10,0,20,23.75
1853,16,4,1,4,80,40,100,80,70.0
1854,65,29,1,5,43.75,78.89,100,100,75.74
1855,85,27,1,0,18.75,81.11,100,0,54.01
1856,25,4,0,5,93.75,40,0,100,57.12
1857,61,32,0,1,48.75,75.56,0,20,44.07
1858,86,6,0,5,17.5,60,0,100,41.25
1859,47,19,0,3,66.25,90.0,0,60,60.38
1860,33,22,1,0,83.75,86.67,100,0,75.46
1861,14,12,0,4,70,97.78,0,80,67.22
1862,23,6,0,3,96.25,60,0,60,58.88
1863,66,15,0,1,42.5,94.44,0,20,48.8
1864,93,57,1,3,8.75,47.78,100,60,48.35
1865,26,24,1,1,92.5,84.44,100,20,80.3
1866,100,15,1,1,0.0,94.44,100,20,56.05
1867,13,4,1,1,65,40,100,20,56.5
1868,49,15,0,3,63.75,94.44,0,60,61.18
1869,75,63,0,3,31.25,41.11,0,60,32.76
1870,19,7,1,1,95,70,100,20,76.0
1871,50,24,0,3,62.5,84.44,0,60,57.3
1872,93,25,1,2,8.75,83.33,100,40,57.79
1873,26,11,0,0,92.5,98.89,0,0,62.36
1874,89,73,0,2,13.75,30.0,0,40,20.62
1875,18,4,1,3,90,40,100,60,70.0
1876,54,11,1,1,57.5,98.89,100,20,74.86
1877,38,11,0,4,77.5,98.89,0,80,69.86
1878,71,30,0,3,36.25,77.78,0,60,47.1
1879,67,63,0,4,41.25,41.11,0,80,38.76
1880,61,54,1,2,48.75,51.11,100,40,58.51
1881,2,2,0,1,10,20,0,20,13.0
1882,42,28,0,4,72.5,80.0,0,80,61.75
1883,20,19,0,3,100,90.0,0,60,70.5
1884,6,1,1,5,30,10,100,100,47.5
1885,99,65,0,3,1.25,38.89,0,60,22.99
1886,68,51,1,5,40.0,54.44,100,100,66.05
1887,13,8,1,1,65,80,100,20,70.5
1888,11,9,0,5,55,90,0,100,63.0
1889,94,53,0,1,7.5,52.22,0,20,23.53
1890,46,19,0,5,67.5,90.0,0,100,66.75
1891,12,1,1,5,60,10,100,100,56.5
1892,40,11,1,4,75.0,98.89,100,80,89.11
1893,96,75,0,3,5.0,27.78,0,60,20.22
1894,60,50,0,5,50.0,55.56,0,100,49.45
1895,52,12,1,5,60.0,97.78,100,100,87.22
1896,60,46,0,5,50.0,60.0,0,100,51.0
1897,10,7,1,4,50,70,100,80,71.5
1898,5,3,1,2,25,30,100,40,44.0
1899,90,79,0,5,12.5,23.33,0,100,26.92
1900,11,10,1,5,55,100,100,100,86.5
1901,8,6,0,0,40,60,0,0,33.0
1902,50,24,1,4,62.5,84.44,100,80,80.3
1903,6,3,1,1,30,30,100,20,42.5
1904,83,72,0,4,21.25,31.11,0,80,29.26
1905,91,27,0,2,11.25,81.11,0,40,37.76
1906,31,18,0,5,86.25,91.11,0,100,72.76
1907,62,48,0,5,47.5,57.78,0,100,49.47
1908,98,29,1,2,2.5,78.89,100,40,54.36
1909,35,33,1,2,81.25,74.44,100,40,76.43
1910,7,1,1,2,35,10,100,40,40.0
1911,58,32,0,3,52.5,75.56,0,60,51.2
1912,91,69,1,3,11.25,34.44,100,60,44.43
1913,80,48,0,1,25.0,57.78,0,20,30.72
1914,59,6,0,3,51.25,60,0,60,45.38
1915,23,10,0,0,96.25,100,0,0,63.88
1916,22,9,0,5,97.5,90,0,100,75.75
1917,19,16,0,1,95,93.33,0,20,64.17
1918,67,3,1,3,41.25,30,100,60,51.88
1919,88,70,0,3,15.0,33.33,0,60,25.17
1920,45,27,1,5,68.75,81.11,100,100,84.01
1921,83,3,1,1,21.25,30,100,20,39.88
1922,9,1,0,4,45,10,0,80,29.0
1923,83,43,1,4,21.25,63.33,100,80,60.54
1924,44,42,1,3,70.0,64.44,100,60,72.55
1925,76,68,1,3,30.0,35.56,100,60,50.45
1926,39,37,0,2,76.25,70.0,0,40,53.38
1927,22,9,0,3,97.5,90,0,60,69.75
1928,48,19,0,1,65.0,90.0,0,20,54.0
1929,46,19,1,1,67.5,90.0,100,20,74.75
1930,80,21,1,1,25.0,87.78,100,20,61.22
1931,23,23,0,1,96.25,85.56,0,20,61.82
1932,31,4,0,2,86.25,40,0,40,45.88
1933,74,17,1,2,32.5,92.22,100,40,68.03
1934,48,12,0,4,65.0,97.78,0,80,65.72
1935,91,5,1,2,11.25,50,100,40,46.88
1936,19,12,1,4,95,97.78,100,80,94.72
1937,21,18,1,0,98.75,91.11,100,0,81.51
1938,4,4,1,1,20,40,100,20,43.0
1939,59,21,0,0,51.25,87.78,0,0,46.1
1940,95,70,1,5,6.25,33.33,100,100,48.54
1941,91,38,1,2,11.25,68.89,100,40,53.49
1942,97,74,0,4,3.75,28.89,0,80,23.24
1943,94,57,1,5,7.5,47.78,100,100,53.97
1944,15,12,1,0,75,97.78,100,0,76.72
1945,18,18,0,2,90,91.11,0,40,64.89
1946,4,4,0,3,20,40,0,60,29.0
1947,46,6,1,0,67.5,60,100,0,61.25
1948,78,25,0,2,27.5,83.33,0,40,43.42
1949,26,1,0,4,92.5,10,0,80,43.25
1950,58,44,0,4,52.5,62.22,0,80,49.53
1951,51,13,1,2,61.25,96.67,100,40,78.21
1952,78,78,0,5,27.5,24.44,0,100,31.8
1953,47,26,0,5,66.25,82.22,0,100,63.65
1954,55,24,1,2,56.25,84.44,100,40,72.43
1955,2,2,1,2,10,20,100,40,36.0
1956,40,29,0,1,75.0,78.89,0,20,53.11
1957,94,57,1,3,7.5,47.78,100,60,47.97
1958,37,11,1,5,78.75,98.89,100,100,93.24
1959,54,9,0,1,57.5,90,0,20,51.75
1960,27,10,1,4,91.25,100,100,80,94.38
1961,43,5,1,0,71.25,50,100,0,58.88
1962,1,1,1,3,5,10,100,60,34.0
1963,23,18,1,5,96.25,91.11,100,100,95.76
1964,73,18,0,1,33.75,91.11,0,20,45.01
1965,49,19,1,0,63.75,90.0,100,0,70.62
1966,39,38,1,3,76.25,68.89,100,60,75.99
1967,72,60,0,0,35.0,44.44,0,0,26.05
1968,1,1,1,2,5,10,100,40,31.0
1969,82,82,1,0,22.5,20.0,100,0,33.75
1970,84,37,1,1,20.0,70.0,100,20,53.5
1971,63,59,0,0,46.25,45.56,0,0,29.82
1972,16,9,1,0,80,90,100,0,75.5
1973,77,47,1,4,28.75,58.89,100,80,61.24
1974,56,56,1,5,55.0,48.89,100,100,68.61
1975,88,61,0,2,15.0,43.33,0,40,25.67
1976,66,3,1,1,42.5,30,100,20,46.25
1977,75,8,0,2,31.25,80,0,40,43.38
1978,60,57,0,2,50.0,47.78,0,40,37.72
1979,21,2,1,2,98.75,20,100,40,62.62
1980,54,41,1,0,57.5,65.56,100,0,60.2
1981,38,19,0,4,77.5,90.0,0,80,66.75
1982,25,25,0,0,93.75,83.33,0,0,57.29
1983,77,22,1,2,28.75,86.67,100,40,64.96
1984,88,39,1,5,15.0,67.78,100,100,63.22
1985,90,89,1,0,12.5,12.22,100,0,28.03
1986,69,46,0,0,38.75,60.0,0,0,32.62
1987,18,17,1,2,90,92.22,100,40,85.28
1988,100,63,1,2,0.0,41.11,100,40,40.39
1989,21,4,0,1,98.75,40,0,20,46.62
1990,65,29,0,4,43.75,78.89,0,80,52.74
1991,79,68,0,3,26.25,35.56,0,60,29.32
1992,59,59,0,0,51.25,45.56,0,0,31.32
1993,17,1,1,2,85,10,100,40,55.0
1994,40,24,0,3,75.0,84.44,0,60,61.05
1995,77,67,1,1,28.75,36.67,100,20,44.46
1996,91,39,0,5,11.25,67.78,0,100,42.1
1997,16,8,0,5,80,80,0,100,67.0
1998,19,8,1,1,95,80,100,20,79.5
1999,27,5,0,3,91.25,50,0,60,53.88
2000,89,15,0,0,13.75,94.44,0,0,37.18
2001,100,62,1,0,0.0,42.22,100,0,34.78
2002,26,4,0,5,92.5,40,0,100,56.75
2003,66,8,1,0,42.5,80,100,0,60.75
2004,33,3,0,2,83.75,30,0,40,41.62
2005,86,2,0,0,17.5,20,0,0,12.25
2006,78,27,0,1,27.5,81.11,0,20,39.64
2007,86,45,0,0,17.5,61.11,0,0,26.64
2008,19,9,1,2,95,90,100,40,86.0
2009,21,17,0,4,98.75,92.22,0,80,73.9
2010,73,9,0,4,33.75,90,0,80,53.62
2011,98,2,0,5,2.5,20,0,100,22.75
2012,25,10,0,4,93.75,100,0,80,75.12
2013,1,1,0,4,5,10,0,80,17.0
2014,91,61,1,5,11.25,43.33,100,100,53.54
2015,76,24,1,5,30.0,84.44,100,100,73.55
2016,14,3,1,3,70,30,100,60,60.5
2017,55,14,0,3,56.25,95.56,0,60,59.32
2018,15,13,1,0,75,96.67,100,0,76.33
2019,60,8,0,3,50.0,80,0,60,52.0
2020,98,47,1,4,2.5,58.89,100,80,53.36
2021,93,6,0,2,8.75,60,0,40,29.62
2022,64,15,1,2,45.0,94.44,100,40,72.55
2023,59,39,1,5,51.25,67.78,100,100,74.1
2024,57,15,1,2,53.75,94.44,100,40,75.18
2025,55,13,0,3,56.25,96.67,0,60,59.71
2026,87,48,0,0,16.25,57.78,0,0,25.1
2027,87,63,0,3,16.25,41.11,0,60,28.26
2028,57,34,0,0,53.75,73.33,0,0,41.79
2029,19,13,1,5,95,96.67,100,100,97.33
2030,76,14,0,0,30.0,95.56,0,0,42.45
2031,47,13,1,1,66.25,96.67,100,20,76.71
2032,77,52,0,1,28.75,53.33,0,20,30.29
2033,55,47,1,2,56.25,58.89,100,40,63.49
2034,98,92,1,5,2.5,8.89,100,100,38.86
2035,52,23,1,5,60.0,85.56,100,100,82.95
2036,78,52,1,4,27.5,53.33,100,80,58.92
2037,36,10,1,0,80.0,100,100,0,79.0
2038,16,9,1,3,80,90,100,60,84.5
2039,30,21,0,0,87.5,87.78,0,0,56.97
2040,13,12,0,0,65,97.78,0,0,53.72
2041,64,4,0,3,45.0,40,0,60,36.5
2042,78,42,0,2,27.5,64.44,0,40,36.8
2043,80,80,0,0,25.0,22.22,0,0,15.28
2044,85,67,1,3,18.75,36.67,100,60,47.46
2045,26,10,1,3,92.5,100,100,60,91.75
2046,65,34,1,4,43.75,73.33,100,80,70.79
2047,70,3,0,3,37.5,30,0,60,30.75
2048,16,13,1,2,80,96.67,100,40,83.83
2049,49,29,1,0,63.75,78.89,100,0,66.74
2050,5,2,1,5,25,20,100,100,49.5
2051,22,16,1,1,97.5,93.33,100,20,84.92
2052,40,25,1,0,75.0,83.33,100,0,71.67
2053,73,63,1,3,33.75,41.11,100,60,53.51
2054,72,21,0,3,35.0,87.78,0,60,50.22
2055,34,32,1,4,82.5,75.56,100,80,83.2
2056,87,46,1,2,16.25,60.0,100,40,51.88
2057,8,1,0,1,40,10,0,20,18.5
2058,47,23,0,5,66.25,85.56,0,100,64.82
2059,44,25,0,3,70.0,83.33,0,60,59.17
2060,45,23,1,2,68.75,85.56,100,40,76.57
2061,8,4,0,1,40,40,0,20,29.0
2062,83,40,0,5,21.25,66.67,0,100,44.71
2063,9,5,0,2,45,50,0,40,37.0
2064,22,1,1,0,97.5,10,100,0,52.75
2065,59,43,1,4,51.25,63.33,100,80,69.54
2066,66,54,1,0,42.5,51.11,100,0,50.64
2067,90,61,0,2,12.5,43.33,0,40,24.92
2068,49,37,1,2,63.75,70.0,100,40,69.62
2069,74,13,1,0,32.5,96.67,100,0,63.58
2070,89,87,0,2,13.75,14.44,0,40,15.18
2071,64,44,0,4,45.0,62.22,0,80,47.28
2072,39,24,1,1,76.25,84.44,100,20,75.43
2073,64,10,0,2,45.0,100,0,40,54.5
2074,34,4,1,4,82.5,40,100,80,70.75
2075,52,52,0,4,60.0,53.33,0,80,48.67
2076,96,12,0,4,5.0,97.78,0,80,47.72
2077,44,18,0,4,70.0,91.11,0,80,64.89
2078,68,61,1,1,40.0,43.33,100,20,50.17
2079,45,5,1,4,68.75,50,100,80,70.12
2080,39,28,1,1,76.25,80.0,100,20,73.88
2081,54,26,1,4,57.5,82.22,100,80,78.03
2082,66,59,0,0,42.5,45.56,0,0,28.7
2083,81,67,0,4,23.75,36.67,0,80,31.96
2084,64,28,1,2,45.0,80.0,100,40,67.5
2085,82,69,1,4,22.5,34.44,100,80,50.8
2086,94,81,0,4,7.5,21.11,0,80,21.64
2087,26,12,1,1,92.5,97.78,100,20,84.97
2088,31,5,1,3,86.25,50,100,60,72.38
2089,53,21,0,5,58.75,87.78,0,100,63.35
2090,27,14,1,2,91.25,95.56,100,40,86.82
2091,83,21,1,5,21.25,87.78,100,100,72.1
2092,77,31,1,1,28.75,76.67,100,20,58.46
2093,15,3,0,0,75,30,0,0,33.0
2094,32,20,1,3,85.0,88.89,100,60,85.61
2095,72,56,1,5,35.0,48.89,100,100,62.61
2096,5,2,0,2,25,20,0,40,20.5
2097,18,1,1,2,90,10,100,40,56.5
2098,85,71,0,5,18.75,32.22,0,100,31.9
2099,6,6,1,0,30,60,100,0,50.0
2100,8,2,1,4,40,20,100,80,51.0
2101,39,5,1,2,76.25,50,100,40,66.38
2102,86,85,0,3,17.5,16.67,0,60,20.08
2103,93,18,0,0,8.75,91.11,0,0,34.51
2104,74,65,0,4,32.5,38.89,0,80,35.36
2105,86,75,1,3,17.5,27.78,100,60,43.97
2106,12,4,0,2,60,40,0,40,38.0
2107,43,38,1,5,71.25,68.89,100,100,80.49
2108,96,31,1,1,5.0,76.67,100,20,51.33
2109,19,4,0,1,95,40,0,20,45.5
2110,36,29,1,2,80.0,78.89,100,40,77.61
2111,76,8,1,4,30.0,80,100,80,69.0
2112,48,45,0,2,65.0,61.11,0,40,46.89
2113,70,55,1,5,37.5,50.0,100,100,63.75
2114,32,18,0,2,85.0,91.11,0,40,63.39
2115,61,46,1,2,48.75,60.0,100,40,61.62
2116,3,3,0,5,15,30,0,100,30.0
2117,85,7,0,2,18.75,70,0,40,36.12
2118,71,50,1,5,36.25,55.56,100,100,65.32
2119,90,47,0,4,12.5,58.89,0,80,36.36
2120,31,28,1,3,86.25,80.0,100,60,82.88
2121,2,2,1,2,10,20,100,40,36.0
2122,12,4,1,1,60,40,100,20,55.0
2123,21,15,1,5,98.75,94.44,100,100,97.68
2124,53,51,0,2,58.75,54.44,0,40,42.68
2125,11,8,1,5,55,80,100,100,79.5
2126,53,22,1,0,58.75,86.67,100,0,67.96
2127,21,9,0,2,98.75,90,0,40,67.12
2128,54,39,1,3,57.5,67.78,100,60,69.97
2129,89,4,0,5,13.75,40,0,100,33.12
2130,83,24,1,5,21.25,84.44,100,100,70.93
2131,18,1,1,1,90,10,100,20,53.5
2132,81,40,1,4,23.75,66.67,100,80,62.46
2133,11,2,0,1,55,20,0,20,26.5
2134,67,17,1,2,41.25,92.22,100,40,70.65
2135,58,31,0,2,52.5,76.67,0,40,48.58
2136,23,22,1,2,96.25,86.67,100,40,85.21
2137,26,3,1,2,92.5,30,100,40,64.25
2138,24,13,1,4,95.0,96.67,100,80,94.33
2139,29,1,0,4,88.75,10,0,80,42.12
2140,83,79,0,0,21.25,23.33,0,0,14.54
2141,60,13,1,5,50.0,96.67,100,100,83.83
2142,22,2,1,4,97.5,20,100,80,68.25
2143,55,39,1,1,56.25,67.78,100,20,63.6
2144,12,6,0,4,60,60,0,80,51.0
2145,16,1,1,3,80,10,100,60,56.5
2146,87,64,0,1,16.25,40.0,0,20,21.88
2147,92,27,0,2,10.0,81.11,0,40,37.39
2148,37,32,1,1,78.75,75.56,100,20,73.07
2149,56,55,0,4,55.0,50.0,0,80,46.0
2150,28,27,1,5,90.0,81.11,100,100,90.39
2151,87,25,1,1,16.25,83.33,100,20,57.04
2152,53,51,0,0,58.75,54.44,0,0,36.68
2153,38,17,0,4,77.5,92.22,0,80,67.53
2154,58,16,1,4,52.5,93.33,100,80,80.42
2155,88,83,1,0,15.0,18.89,100,0,31.11
2156,2,2,0,2,10,20,0,40,16.0
2157,89,51,0,5,13.75,54.44,0,100,38.18
2158,50,46,1,5,62.5,60.0,100,100,74.75
2159,77,33,0,0,28.75,74.44,0,0,34.68
2160,72,8,0,2,35.0,80,0,40,44.5
2161,31,16,1,4,86.25,93.33,100,80,90.54
2162,86,77,0,0,17.5,25.56,0,0,14.2
2163,33,33,1,2,83.75,74.44,100,40,77.18
2164,51,43,1,1,61.25,63.33,100,20,63.54
2165,72,6,0,2,35.0,60,0,40,37.5
2166,22,17,1,2,97.5,92.22,100,40,87.53
2167,60,9,0,2,50.0,90,0,40,52.5
2168,91,68,1,1,11.25,35.56,100,20,38.82
2169,34,8,1,0,82.5,80,100,0,72.75
2170,17,16,1,5,85,93.33,100,100,93.17
2171,47,28,1,2,66.25,80.0,100,40,73.88
2172,79,34,1,3,26.25,73.33,100,60,62.54
2173,22,11,1,1,97.5,98.89,100,20,86.86
2174,72,57,0,1,35.0,47.78,0,20,30.22
2175,20,2,0,1,100,20,0,20,40.0
2176,5,4,1,1,25,40,100,20,44.5
2177,91,60,1,0,11.25,44.44,100,0,38.93
2178,64,6,1,2,45.0,60,100,40,60.5
2179,91,72,1,3,11.25,31.11,100,60,43.26
2180,64,15,0,0,45.0,94.44,0,0,46.55
2181,45,6,0,2,68.75,60,0,40,47.62
2182,24,6,1,4,95.0,60,100,80,81.5
2183,85,75,0,4,18.75,27.78,0,80,27.35
2184,1,1,1,0,5,10,100,0,25.0
2185,32,32,0,2,85.0,75.56,0,40,57.95
2186,4,3,0,3,20,30,0,60,25.5
2187,48,38,0,2,65.0,68.89,0,40,49.61
2188,20,1,0,3,100,10,0,60,42.5
2189,91,85,1,3,11.25,16.67,100,60,38.21
2190,81,35,0,2,23.75,72.22,0,40,38.4
2191,6,6,1,2,30,60,100,40,56.0
2192,94,94,0,1,7.5,6.67,0,20,7.58
2193,7,7,1,2,35,70,100,40,61.0
2194,8,2,1,0,40,20,100,0,39.0
2195,52,17,0,1,60.0,92.22,0,20,53.28
2196,99,52,0,0,1.25,53.33,0,0,19.04
2197,27,6,1,3,91.25,60,100,60,77.38
2198,37,10,0,2,78.75,100,0,40,64.62
2199,63,52,1,5,46.25,53.33,100,100,67.54
2200,40,39,0,2,75.0,67.78,0,40,52.22
2201,86,13,1,4,17.5,96.67,100,80,71.08
2202,26,16,1,3,92.5,93.33,100,60,89.42
2203,61,18,1,0,48.75,91.11,100,0,66.51
2204,97,55,1,4,3.75,50.0,100,80,50.62
2205,24,14,1,0,95.0,95.56,100,0,81.95
2206,6,5,1,3,30,50,100,60,55.5
2207,87,29,0,3,16.25,78.89,0,60,41.49
2208,68,68,0,2,40.0,35.56,0,40,30.45
2209,60,28,0,3,50.0,80.0,0,60,52.0
2210,39,10,0,5,76.25,100,0,100,72.88
2211,39,16,1,2,76.25,93.33,100,40,81.54
2212,73,7,0,0,33.75,70,0,0,34.62
2213,66,14,1,3,42.5,95.56,100,60,75.2
2214,13,8,1,2,65,80,100,40,73.5
2215,33,6,0,0,83.75,60,0,0,46.12
2216,95,85,1,1,6.25,16.67,100,20,30.71
2217,24,13,0,0,95.0,96.67,0,0,62.33
2218,54,46,1,2,57.5,60.0,100,40,64.25
2219,76,59,1,4,30.0,45.56,100,80,56.95
2220,34,22,0,1,82.5,86.67,0,20,58.08
2221,24,3,1,5,95.0,30,100,100,74.0
2222,14,7,0,0,70,70,0,0,45.5
2223,51,8,0,1,61.25,80,0,20,49.38
2224,84,62,1,5,20.0,42.22,100,100,55.78
2225,52,43,1,2,60.0,63.33,100,40,66.17
2226,80,79,1,5,25.0,23.33,100,100,50.67
2227,87,87,1,2,16.25,14.44,100,40,35.93
2228,12,3,0,0,60,30,0,0,28.5
2229,25,4,0,5,93.75,40,0,100,57.12
2230,25,1,0,3,93.75,10,0,60,40.62
2231,84,19,0,3,20.0,90.0,0,60,46.5
2232,81,69,0,0,23.75,34.44,0,0,19.18
2233,39,30,0,3,76.25,77.78,0,60,59.1
2234,55,2,0,1,56.25,20,0,20,26.88
2235,20,15,1,3,100,94.44,100,60,92.05
2236,3,2,0,1,15,20,0,20,14.5
2237,38,37,1,0,77.5,70.0,100,0,67.75
2238,43,1,0,5,71.25,10,0,100,39.88
2239,92,56,1,3,10.0,48.89,100,60,49.11
2240,95,75,1,0,6.25,27.78,100,0,31.6
2241,63,26,1,4,46.25,82.22,100,80,74.65
2242,76,63,0,5,30.0,41.11,0,100,38.39
2243,8,1,1,4,40,10,100,80,47.5
2244,41,36,0,2,73.75,71.11,0,40,53.01
2245,83,54,1,0,21.25,51.11,100,0,44.26
2246,64,45,1,5,45.0,61.11,100,100,69.89
2247,56,2,0,2,55.0,20,0,40,29.5
2248,93,25,1,2,8.75,83.33,100,40,57.79
2249,57,15,0,4,53.75,94.44,0,80,61.18
2250,88,44,1,1,15.0,62.22,100,20,49.28
2251,38,25,1,5,77.5,83.33,100,100,87.42
2252,84,47,1,1,20.0,58.89,100,20,49.61
2253,80,27,1,5,25.0,81.11,100,100,70.89
2254,96,12,1,1,5.0,97.78,100,20,58.72
2255,23,7,0,4,96.25,70,0,80,65.38
2256,63,7,1,3,46.25,70,100,60,67.38
2257,39,16,0,4,76.25,93.33,0,80,67.54
2258,7,1,1,2,35,10,100,40,40.0
2259,46,44,0,1,67.5,62.22,0,20,45.03
2260,65,5,0,2,43.75,50,0,40,36.62
2261,56,8,0,0,55.0,80,0,0,44.5
2262,72,29,1,2,35.0,78.89,100,40,64.11
2263,44,23,0,4,70.0,85.56,0,80,62.95
2264,35,10,0,5,81.25,100,0,100,74.38
2265,7,4,1,0,35,40,100,0,44.5
2266,14,13,0,4,70,96.67,0,80,66.83
2267,6,5,0,1,30,50,0,20,29.5
2268,81,16,0,2,23.75,93.33,0,40,45.79
2269,21,10,1,4,98.75,100,100,80,96.62
2270,64,13,0,5,45.0,96.67,0,100,62.33
2271,47,22,0,0,66.25,86.67,0,0,50.21
2272,26,15,1,0,92.5,94.44,100,0,80.8
2273,32,31,1,2,85.0,76.67,100,40,78.33
2274,65,22,0,2,43.75,86.67,0,40,49.46
2275,48,46,1,2,65.0,60.0,100,40,66.5
2276,81,32,0,4,23.75,75.56,0,80,45.57
2277,54,51,0,1,57.5,54.44,0,20,39.3
2278,55,27,1,3,56.25,81.11,100,60,74.26
2279,67,47,0,3,41.25,58.89,0,60,41.99
2280,19,1,0,0,95,10,0,0,32.0
2281,44,21,1,1,70.0,87.78,100,20,74.72
2282,56,4,1,0,55.0,40,100,0,50.5
2283,85,83,0,4,18.75,18.89,0,80,24.24
2284,8,5,1,3,40,50,100,60,58.5
2285,88,71,1,5,15.0,32.22,100,100,50.78
2286,96,41,1,0,5.0,65.56,100,0,44.45
2287,36,34,0,5,80.0,73.33,0,100,64.67
2288,52,29,0,4,60.0,78.89,0,80,57.61
2289,80,80,1,5,25.0,22.22,100,100,50.28
2290,45,42,1,1,68.75,64.44,100,20,66.18
2291,39,6,0,4,76.25,60,0,80,55.88
2292,43,25,0,4,71.25,83.33,0,80,62.54
2293,70,37,0,0,37.5,70.0,0,0,35.75
2294,66,40,1,5,42.5,66.67,100,100,71.08
2295,21,1,0,4,98.75,10,0,80,45.12
2296,76,34,0,2,30.0,73.33,0,40,40.67
2297,93,55,0,5,8.75,50.0,0,100,35.12
2298,8,6,1,5,40,60,100,100,68.0
2299,65,46,0,0,43.75,60.0,0,0,34.12
2300,97,84,0,3,3.75,17.78,0,60,16.35
2301,39,37,0,3,76.25,70.0,0,60,56.38
2302,44,16,0,2,70.0,93.33,0,40,59.67
2303,39,19,0,5,76.25,90.0,0,100,69.38
2304,49,34,0,0,63.75,73.33,0,0,44.79
2305,42,34,0,2,72.5,73.33,0,40,53.42
2306,59,7,0,5,51.25,70,0,100,54.88
2307,55,54,1,0,56.25,51.11,100,0,54.76
2308,12,1,1,1,60,10,100,20,44.5
2309,61,14,1,0,48.75,95.56,100,0,68.07
2310,48,44,1,4,65.0,62.22,100,80,73.28
2311,72,67,1,2,35.0,36.67,100,40,49.33
2312,75,64,1,3,31.25,40.0,100,60,52.38
2313,89,63,1,1,13.75,41.11,100,20,41.51
2314,19,17,0,3,95,92.22,0,60,69.78
2315,92,59,0,5,10.0,45.56,0,100,33.95
2316,66,16,0,3,42.5,93.33,0,60,54.42
2317,61,3,0,4,48.75,30,0,80,37.12
2318,48,8,1,0,65.0,80,100,0,67.5
2319,16,12,1,0,80,97.78,100,0,78.22
2320,67,20,0,2,41.25,88.89,0,40,49.49
2321,40,24,1,2,75.0,84.44,100,40,78.05
2322,63,2,0,1,46.25,20,0,20,23.88
2323,76,54,0,2,30.0,51.11,0,40,32.89
2324,37,14,0,5,78.75,95.56,0,100,72.07
2325,63,1,0,4,46.25,10,0,80,29.38
2326,45,5,0,3,68.75,50,0,60,47.12
2327,62,37,1,4,47.5,70.0,100,80,70.75
2328,58,58,1,3,52.5,46.67,100,60,61.08
2329,61,54,0,1,48.75,51.11,0,20,35.51
2330,65,59,1,5,43.75,45.56,100,100,64.07
2331,58,10,1,0,52.5,100,100,0,70.75
2332,80,80,1,3,25.0,22.22,100,60,44.28
2333,30,29,1,2,87.5,78.89,100,40,79.86
2334,70,6,1,5,37.5,60,100,100,67.25
2335,36,6,0,5,80.0,60,0,100,60.0
2336,4,3,0,5,20,30,0,100,31.5
2337,72,11,0,4,35.0,98.89,0,80,57.11
2338,70,7,0,3,37.5,70,0,60,44.75
2339,65,3,0,5,43.75,30,0,100,38.62
2340,69,24,0,2,38.75,84.44,0,40,47.18
2341,27,8,1,0,91.25,80,100,0,75.38
2342,69,42,1,4,38.75,64.44,100,80,66.18
2343,6,4,0,2,30,40,0,40,29.0
2344,56,12,1,0,55.0,97.78,100,0,70.72
2345,68,41,1,2,40.0,65.56,100,40,60.95
2346,12,2,0,4,60,20,0,80,37.0
2347,22,10,0,1,97.5,100,0,20,67.25
2348,33,6,0,2,83.75,60,0,40,52.12
2349,53,44,0,0,58.75,62.22,0,0,39.4
2350,79,42,0,0,26.25,64.44,0,0,30.43
2351,92,8,1,3,10.0,80,100,60,60.0
2352,13,6,0,3,65,60,0,60,49.5
2353,42,17,1,0,72.5,92.22,100,0,74.03
2354,7,2,0,4,35,20,0,80,29.5
2355,76,31,1,4,30.0,76.67,100,80,67.83
2356,97,65,1,0,3.75,38.89,100,0,34.74
2357,35,4,1,3,81.25,40,100,60,67.38
2358,71,53,0,3,36.25,52.22,0,60,38.15
2359,4,4,0,0,20,40,0,0,20.0
2360,35,7,0,4,81.25,70,0,80,60.88
2361,84,17,1,4,20.0,92.22,100,80,70.28
2362,53,29,0,5,58.75,78.89,0,100,60.24
2363,65,27,0,2,43.75,81.11,0,40,47.51
2364,70,22,0,4,37.5,86.67,0,80,53.58
2365,55,36,1,0,56.25,71.11,100,0,61.76
2366,1,1,1,5,5,10,100,100,40.0
2367,22,1,0,3,97.5,10,0,60,41.75
2368,35,17,1,2,81.25,92.22,100,40,82.65
2369,81,28,1,0,23.75,80.0,100,0,55.12
2370,21,18,0,2,98.75,91.11,0,40,67.51
2371,12,7,0,1,60,70,0,20,45.5
2372,93,72,1,3,8.75,31.11,100,60,42.51
2373,27,20,1,5,91.25,88.89,100,100,93.49
2374,44,41,1,5,70.0,65.56,100,100,78.95
2375,58,18,0,5,52.5,91.11,0,100,62.64
2376,42,22,0,3,72.5,86.67,0,60,61.08
2377,77,43,0,5,28.75,63.33,0,100,45.79
2378,18,1,1,0,90,10,100,0,50.5
2379,2,1,1,4,10,10,100,80,38.5
2380,90,63,1,4,12.5,41.11,100,80,50.14
2381,11,11,0,4,55,98.89,0,80,63.11
2382,4,4,0,2,20,40,0,40,26.0
2383,49,39,1,3,63.75,67.78,100,60,71.85
2384,23,23,0,0,96.25,85.56,0,0,58.82
2385,60,24,0,3,50.0,84.44,0,60,53.55
2386,2,1,0,2,10,10,0,40,12.5
2387,88,46,0,0,15.0,60.0,0,0,25.5
2388,79,39,0,1,26.25,67.78,0,20,34.6
2389,64,47,0,2,45.0,58.89,0,40,40.11
2390,64,27,0,1,45.0,81.11,0,20,44.89
2391,82,51,0,2,22.5,54.44,0,40,31.8
2392,73,65,1,1,33.75,38.89,100,20,46.74
2393,71,25,0,0,36.25,83.33,0,0,40.04
2394,76,17,0,1,30.0,92.22,0,20,44.28
2395,34,15,1,1,82.5,94.44,100,20,80.8
2396,87,3,1,5,16.25,30,100,100,50.38
2397,72,59,0,3,35.0,45.56,0,60,35.45
2398,83,7,1,3,21.25,70,100,60,59.88
2399,53,18,0,5,58.75,91.11,0,100,64.51
2400,67,60,1,2,41.25,44.44,100,40,53.93
2401,67,6,0,0,41.25,60,0,0,33.38
2402,36,27,1,2,80.0,81.11,100,40,78.39
2403,1,1,0,2,5,10,0,40,11.0
2404,11,10,0,5,55,100,0,100,66.5
2405,29,23,1,0,88.75,85.56,100,0,76.57
2406,32,13,0,2,85.0,96.67,0,40,65.33
2407,40,5,0,0,75.0,50,0,0,40.0
2408,62,28,0,4,47.5,80.0,0,80,54.25
2409,81,43,1,1,23.75,63.33,100,20,52.29
2410,14,8,0,2,70,80,0,40,55.0
2411,7,7,1,4,35,70,100,80,67.0
2412,31,31,0,4,86.25,76.67,0,80,64.71
2413,80,57,0,5,25.0,47.78,0,100,39.22
2414,58,38,0,0,52.5,68.89,0,0,39.86
2415,8,1,1,2,40,10,100,40,41.5
2416,89,9,0,0,13.75,90,0,0,35.62
2417,57,4,1,4,53.75,40,100,80,62.12
2418,81,56,0,0,23.75,48.89,0,0,24.24
2419,87,8,0,2,16.25,80,0,40,38.88
2420,49,26,0,4,63.75,82.22,0,80,59.9
2421,97,53,0,4,3.75,52.22,0,80,31.4
2422,85,80,0,3,18.75,22.22,0,60,22.4
2423,50,30,1,4,62.5,77.78,100,80,77.97
2424,80,13,1,5,25.0,96.67,100,100,76.33
2425,87,4,1,4,16.25,40,100,80,50.88
2426,43,38,0,0,71.25,68.89,0,0,45.49
2427,14,1,0,4,70,10,0,80,36.5
2428,25,19,0,5,93.75,90.0,0,100,74.62
2429,66,33,1,3,42.5,74.44,100,60,67.8
2430,62,47,1,1,47.5,58.89,100,20,57.86
2431,32,9,0,0,85.0,90,0,0,57.0
2432,17,10,1,4,85,100,100,80,92.5
2433,84,46,1,4,20.0,60.0,100,80,59.0
2434,70,19,0,3,37.5,90.0,0,60,51.75
2435,40,39,1,2,75.0,67.78,100,40,72.22
2436,48,1,0,0,65.0,10,0,0,23.0
2437,31,17,0,3,86.25,92.22,0,60,67.15
2438,45,13,0,5,68.75,96.67,0,100,69.46
2439,26,26,0,2,92.5,82.22,0,40,62.53
2440,25,22,1,5,93.75,86.67,100,100,93.46
2441,89,60,1,4,13.75,44.44,100,80,51.68
2442,73,43,1,3,33.75,63.33,100,60,61.29
2443,43,11,0,3,71.25,98.89,0,60,64.99
2444,6,4,0,0,30,40,0,0,23.0
2445,82,29,0,3,22.5,78.89,0,60,43.36
2446,80,28,0,3,25.0,80.0,0,60,44.5
2447,95,43,1,1,6.25,63.33,100,20,47.04
2448,52,12,0,2,60.0,97.78,0,40,58.22
2449,2,1,1,0,10,10,100,0,26.5
2450,72,15,0,2,35.0,94.44,0,40,49.55
2451,57,13,1,0,53.75,96.67,100,0,69.96
2452,4,2,0,2,20,20,0,40,19.0
2453,23,8,1,5,96.25,80,100,100,91.88
2454,23,11,0,1,96.25,98.89,0,20,66.49
2455,26,1,0,2,92.5,10,0,40,37.25
2456,13,1,0,3,65,10,0,60,32.0
2457,84,15,1,1,20.0,94.44,100,20,62.05
2458,40,30,0,2,75.0,77.78,0,40,55.72
2459,48,43,0,4,65.0,63.33,0,80,53.67
2460,80,56,0,0,25.0,48.89,0,0,24.61
2461,19,5,0,1,95,50,0,20,49.0
2462,69,49,1,2,38.75,56.67,100,40,57.46
2463,77,55,0,0,28.75,50.0,0,0,26.12
2464,98,79,0,4,2.5,23.33,0,80,20.92
2465,38,10,1,1,77.5,100,100,20,81.25
2466,7,6,1,1,35,60,100,20,54.5
2467,66,63,0,5,42.5,41.11,0,100,42.14
2468,11,8,0,1,55,80,0,20,47.5
2469,66,50,1,3,42.5,55.56,100,60,61.2
2470,67,60,0,2,41.25,44.44,0,40,33.93
2471,92,48,1,5,10.0,57.78,100,100,58.22
2472,64,61,1,4,45.0,43.33,100,80,60.67
2473,52,41,0,1,60.0,65.56,0,20,43.95
2474,29,29,0,3,88.75,78.89,0,60,63.24
2475,31,13,0,2,86.25,96.67,0,40,65.71
2476,55,25,0,2,56.25,83.33,0,40,52.04
2477,33,6,0,0,83.75,60,0,0,46.12
2478,38,29,1,1,77.5,78.89,100,20,73.86
2479,75,6,1,4,31.25,60,100,80,62.38
2480,80,44,1,3,25.0,62.22,100,60,58.28
2481,60,28,1,2,50.0,80.0,100,40,69.0
2482,64,41,1,3,45.0,65.56,100,60,65.45
2483,4,2,1,1,20,20,100,20,36.0
2484,34,5,1,0,82.5,50,100,0,62.25
2485,38,33,0,2,77.5,74.44,0,40,55.3
2486,30,4,0,0,87.5,40,0,0,40.25
2487,47,3,0,2,66.25,30,0,40,36.38
2488,26,22,1,2,92.5,86.67,100,40,84.08
2489,39,18,0,5,76.25,91.11,0,100,69.76
2490,78,18,1,0,27.5,91.11,100,0,60.14
2491,99,39,1,2,1.25,67.78,100,40,50.1
2492,52,26,0,3,60.0,82.22,0,60,55.78
2493,84,66,0,3,20.0,37.78,0,60,28.22
2494,30,8,0,3,87.5,80,0,60,63.25
2495,30,17,1,5,87.5,92.22,100,100,93.53
2496,60,22,0,2,50.0,86.67,0,40,51.33
2497,25,14,1,1,93.75,95.56,100,20,84.57
2498,57,29,0,2,53.75,78.89,0,40,49.74
2499,18,5,1,5,90,50,100,100,79.5
2500,2,2,1,2,10,20,100,40,36.0
2501,29,14,1,5,88.75,95.56,100,100,95.07
2502,97,52,1,2,3.75,53.33,100,40,45.79
2503,76,3,0,1,30.0,30,0,20,22.5
2504,20,11,1,3,100,98.89,100,60,93.61
2505,27,13,0,4,91.25,96.67,0,80,73.21
2506,50,13,1,0,62.5,96.67,100,0,72.58
2507,43,37,1,5,71.25,70.0,100,100,80.88
2508,39,6,0,0,76.25,60,0,0,43.88
2509,87,71,0,0,16.25,32.22,0,0,16.15
2510,89,78,1,0,13.75,24.44,100,0,32.68
2511,24,7,0,3,95.0,70,0,60,62.0
2512,37,14,0,2,78.75,95.56,0,40,63.07
2513,85,68,0,3,18.75,35.56,0,60,27.07
2514,8,6,0,1,40,60,0,20,36.0
2515,42,27,1,1,72.5,81.11,100,20,73.14
2516,15,3,1,3,75,30,100,60,62.0
2517,96,9,1,1,5.0,90,100,20,56.0
2518,17,7,1,3,85,70,100,60,79.0
2519,91,86,1,1,11.25,15.56,100,20,31.82
2520,78,74,1,4,27.5,28.89,100,80,50.36
2521,26,17,1,2,92.5,92.22,100,40,86.03
2522,26,1,0,3,92.5,10,0,60,40.25
2523,9,7,0,4,45,70,0,80,50.0
2524,43,37,1,3,71.25,70.0,100,60,74.88
2525,60,37,0,5,50.0,70.0,0,100,54.5
2526,12,5,1,2,60,50,100,40,61.5
2527,90,39,1,4,12.5,67.78,100,80,59.47
2528,23,14,0,1,96.25,95.56,0,20,65.32
2529,80,56,1,3,25.0,48.89,100,60,53.61
2530,85,24,0,3,18.75,84.44,0,60,44.18
2531,90,6,0,1,12.5,60,0,20,27.75
2532,36,35,1,5,80.0,72.22,100,100,84.28
2533,9,4,1,3,45,40,100,60,56.5
2534,98,71,0,2,2.5,32.22,0,40,18.03
2535,10,2,1,3,50,20,100,60,51.0
2536,58,11,1,1,52.5,98.89,100,20,73.36
2537,65,6,1,0,43.75,60,100,0,54.12
2538,10,8,1,2,50,80,100,40,69.0
2539,96,52,0,3,5.0,53.33,0,60,29.17
2540,5,1,1,0,25,10,100,0,31.0
2541,91,18,1,5,11.25,91.11,100,100,70.26
2542,96,60,1,3,5.0,44.44,100,60,46.05
2543,9,2,0,5,45,20,0,100,35.5
2544,57,9,1,2,53.75,90,100,40,73.62
2545,21,6,0,4,98.75,60,0,80,62.62
2546,13,3,1,0,65,30,100,0,50.0
2547,69,51,0,0,38.75,54.44,0,0,30.68
2548,86,2,1,1,17.5,20,100,20,35.25
2549,57,23,0,1,53.75,85.56,0,20,49.07
2550,92,5,0,3,10.0,50,0,60,29.5
2551,90,7,0,3,12.5,70,0,60,37.25
2552,89,40,1,0,13.75,66.67,100,0,47.46
2553,77,1,0,3,28.75,10,0,60,21.12
2554,99,26,0,2,1.25,82.22,0,40,35.15
2555,31,7,0,0,86.25,70,0,0,50.38
2556,54,2,0,2,57.5,20,0,40,30.25
2557,25,22,0,1,93.75,86.67,0,20,61.46
2558,13,13,0,5,65,96.67,0,100,68.33
2559,22,2,1,4,97.5,20,100,80,68.25
2560,14,14,1,2,70,95.56,100,40,80.45
2561,72,25,0,4,35.0,83.33,0,80,51.67
2562,51,28,0,1,61.25,80.0,0,20,49.38
2563,28,4,1,2,90.0,40,100,40,67.0
2564,23,1,1,5,96.25,10,100,100,67.38
2565,41,1,1,1,73.75,10,100,20,48.62
2566,59,15,0,5,51.25,94.44,0,100,63.43
2567,36,24,0,0,80.0,84.44,0,0,53.55
2568,28,14,1,4,90.0,95.56,100,80,92.45
2569,64,14,0,2,45.0,95.56,0,40,52.95
2570,13,10,1,5,65,100,100,100,89.5
2571,90,50,0,2,12.5,55.56,0,40,29.2
2572,23,21,1,5,96.25,87.78,100,100,94.6
2573,62,5,1,0,47.5,50,100,0,51.75
2574,78,75,1,3,27.5,27.78,100,60,46.97
2575,66,30,0,1,42.5,77.78,0,20,42.97
2576,3,3,0,2,15,30,0,40,21.0
2577,31,24,1,1,86.25,84.44,100,20,78.43
2578,80,11,0,1,25.0,98.89,0,20,45.11
2579,48,32,1,1,65.0,75.56,100,20,68.95
2580,20,13,0,5,100,96.67,0,100,78.83
2581,5,2,1,5,25,20,100,100,49.5
2582,43,9,1,2,71.25,90,100,40,78.88
2583,83,6,1,5,21.25,60,100,100,62.38
2584,37,2,0,5,78.75,20,0,100,45.62
2585,43,22,0,1,71.25,86.67,0,20,54.71
2586,70,7,0,5,37.5,70,0,100,50.75
2587,90,29,1,4,12.5,78.89,100,80,63.36
2588,42,12,1,5,72.5,97.78,100,100,90.97
2589,1,1,1,0,5,10,100,0,25.0
2590,25,2,0,1,93.75,20,0,20,38.12
2591,17,3,0,4,85,30,0,80,48.0
2592,71,27,0,4,36.25,81.11,0,80,51.26
2593,11,7,1,2,55,70,100,40,67.0
2594,22,7,0,3,97.5,70,0,60,62.75
2595,23,20,0,2,96.25,88.89,0,40,65.99
2596,37,37,1,5,78.75,70.0,100,100,83.12
2597,26,9,1,0,92.5,90,100,0,79.25
2598,47,26,1,1,66.25,82.22,100,20,71.65
2599,61,29,1,4,48.75,78.89,100,80,74.24
2600,79,56,0,3,26.25,48.89,0,60,33.99
2601,3,2,1,0,15,20,100,0,31.5
2602,98,39,0,4,2.5,67.78,0,80,36.47
2603,94,23,1,3,7.5,85.56,100,60,61.2
2604,60,20,1,2,50.0,88.89,100,40,72.11
2605,49,36,1,0,63.75,71.11,100,0,64.01
2606,43,9,1,1,71.25,90,100,20,75.88
2607,20,7,0,0,100,70,0,0,54.5
2608,65,48,1,3,43.75,57.78,100,60,62.35
2609,54,26,1,3,57.5,82.22,100,60,75.03
2610,63,20,0,3,46.25,88.89,0,60,53.99
2611,5,1,1,4,25,10,100,80,43.0
2612,21,7,1,2,98.75,70,100,40,80.12
2613,99,97,1,4,1.25,3.33,100,80,33.54
2614,91,63,1,5,11.25,41.11,100,100,52.76
2615,8,7,1,5,40,70,100,100,71.5
2616,32,16,1,0,85.0,93.33,100,0,78.17
2617,47,41,0,5,66.25,65.56,0,100,57.82
2618,86,83,0,2,17.5,18.89,0,40,17.86
2619,78,59,0,2,27.5,45.56,0,40,30.2
2620,32,11,0,0,85.0,98.89,0,0,60.11
2621,99,12,1,3,1.25,97.78,100,60,63.6
2622,91,76,0,4,11.25,26.67,0,80,24.71
2623,25,14,0,3,93.75,95.56,0,60,70.57
2624,33,20,1,4,83.75,88.89,100,80,88.24
2625,40,27,0,0,75.0,81.11,0,0,50.89
2626,82,74,1,1,22.5,28.89,100,20,39.86
2627,35,14,1,5,81.25,95.56,100,100,92.82
2628,40,1,0,3,75.0,10,0,60,35.0
2629,1,1,0,5,5,10,0,100,20.0
2630,54,34,1,5,57.5,73.33,100,100,77.92
2631,37,28,0,1,78.75,80.0,0,20,54.62
2632,48,12,0,1,65.0,97.78,0,20,56.72
2633,63,12,0,3,46.25,97.78,0,60,57.1
2634,73,28,0,1,33.75,80.0,0,20,41.12
2635,8,3,0,2,40,30,0,40,28.5
2636,53,29,0,5,58.75,78.89,0,100,60.24
2637,22,3,1,0,97.5,30,100,0,59.75
2638,49,8,1,0,63.75,80,100,0,67.12
2639,44,2,0,3,70.0,20,0,60,37.0
2640,63,44,0,0,46.25,62.22,0,0,35.65
2641,8,5,0,5,40,50,0,100,44.5
2642,75,6,0,1,31.25,60,0,20,33.38
2643,67,1,1,4,41.25,10,100,80,47.88
2644,67,35,1,3,41.25,72.22,100,60,66.65
2645,97,44,1,2,3.75,62.22,100,40,48.9
2646,48,44,1,2,65.0,62.22,100,40,67.28
2647,31,31,1,5,86.25,76.67,100,100,87.71
2648,52,25,0,2,60.0,83.33,0,40,53.17
2649,43,7,0,3,71.25,70,0,60,54.88
2650,90,52,0,0,12.5,53.33,0,0,22.42
2651,78,16,1,5,27.5,93.33,100,100,75.92
2652,97,32,1,3,3.75,75.56,100,60,56.57
2653,80,61,1,5,25.0,43.33,100,100,57.67
2654,25,1,1,0,93.75,10,100,0,51.62
2655,82,47,0,5,22.5,58.89,0,100,42.36
2656,42,29,0,4,72.5,78.89,0,80,61.36
2657,63,26,0,2,46.25,82.22,0,40,48.65
2658,55,31,0,5,56.25,76.67,0,100,58.71
2659,50,19,0,5,62.5,90.0,0,100,65.25
2660,19,17,0,1,95,92.22,0,20,63.78
2661,64,12,1,5,45.0,97.78,100,100,82.72
2662,71,60,0,3,36.25,44.44,0,60,35.43
2663,15,8,0,1,75,80,0,20,53.5
2664,28,6,0,0,90.0,60,0,0,48.0
2665,56,46,0,1,55.0,60.0,0,20,40.5
2666,42,25,1,1,72.5,83.33,100,20,73.92
2667,93,33,1,5,8.75,74.44,100,100,63.68
2668,16,5,1,0,80,50,100,0,61.5
2669,89,43,0,4,13.75,63.33,0,80,38.29
2670,99,77,0,5,1.25,25.56,0,100,24.32
2671,44,25,1,5,70.0,83.33,100,100,85.17
2672,83,72,1,1,21.25,31.11,100,20,40.26
2673,29,9,0,2,88.75,90,0,40,64.12
2674,12,2,0,2,60,20,0,40,31.0
2675,95,76,0,5,6.25,26.67,0,100,26.21
2676,15,10,1,1,75,100,100,20,80.5
2677,41,25,0,2,73.75,83.33,0,40,57.29
2678,8,4,1,3,40,40,100,60,55.0
2679,41,24,0,4,73.75,84.44,0,80,63.68
2680,85,78,0,0,18.75,24.44,0,0,14.18
2681,51,1,1,2,61.25,10,100,40,47.88
2682,19,10,0,3,95,100,0,60,72.5
2683,88,59,0,4,15.0,45.56,0,80,32.45
2684,37,10,0,4,78.75,100,0,80,70.62
2685,41,20,0,2,73.75,88.89,0,40,59.24
2686,91,74,1,5,11.25,28.89,100,100,48.49
2687,28,16,1,5,90.0,93.33,100,100,94.67
2688,49,4,1,1,63.75,40,100,20,56.12
2689,92,27,0,5,10.0,81.11,0,100,46.39
2690,95,7,0,3,6.25,70,0,60,35.38
2691,94,51,1,5,7.5,54.44,100,100,56.3
2692,21,1,1,2,98.75,10,100,40,59.12
2693,55,44,1,2,56.25,62.22,100,40,64.65
2694,97,51,1,0,3.75,54.44,100,0,40.18
2695,68,37,1,5,40.0,70.0,100,100,71.5
2696,25,23,1,0,93.75,85.56,100,0,78.07
2697,17,11,0,5,85,98.89,0,100,75.11
2698,39,30,0,4,76.25,77.78,0,80,62.1
2699,18,15,1,2,90,94.44,100,40,86.05
2700,19,7,0,5,95,70,0,100,68.0
2701,26,24,0,2,92.5,84.44,0,40,63.3
2702,93,74,0,5,8.75,28.89,0,100,27.74
2703,19,13,1,5,95,96.67,100,100,97.33
2704,22,2,0,2,97.5,20,0,40,42.25
2705,61,12,0,0,48.75,97.78,0,0,48.85
2706,66,44,1,1,42.5,62.22,100,20,57.53
2707,81,52,0,0,23.75,53.33,0,0,25.79
2708,16,8,1,3,80,80,100,60,81.0
2709,39,39,0,5,76.25,67.78,0,100,61.6
2710,96,49,0,3,5.0,56.67,0,60,30.33
2711,84,49,1,5,20.0,56.67,100,100,60.83
2712,84,57,1,0,20.0,47.78,100,0,42.72
2713,16,4,0,0,80,40,0,0,38.0
2714,63,42,0,0,46.25,64.44,0,0,36.43
2715,76,74,1,2,30.0,28.89,100,40,45.11
2716,89,13,0,3,13.75,96.67,0,60,46.96
2717,62,42,1,2,47.5,64.44,100,40,62.8
2718,74,17,0,2,32.5,92.22,0,40,48.03
2719,9,9,0,3,45,90,0,60,54.0
2720,90,3,1,4,12.5,30,100,80,46.25
2721,69,68,1,0,38.75,35.56,100,0,44.07
2722,67,16,0,5,41.25,93.33,0,100,60.04
2723,16,6,0,0,80,60,0,0,45.0
2724,72,58,1,0,35.0,46.67,100,0,46.83
2725,6,2,0,5,30,20,0,100,31.0
2726,21,3,1,0,98.75,30,100,0,60.12
2727,11,2,1,2,55,20,100,40,49.5
2728,70,22,1,5,37.5,86.67,100,100,76.58
2729,1,1,1,0,5,10,100,0,25.0
2730,67,38,1,1,41.25,68.89,100,20,59.49
2731,74,63,1,4,32.5,41.11,100,80,56.14
2732,46,39,0,5,67.5,67.78,0,100,58.97
2733,13,11,0,1,65,98.89,0,20,57.11
2734,5,2,0,2,25,20,0,40,20.5
2735,28,5,0,4,90.0,50,0,80,56.5
2736,46,18,0,5,67.5,91.11,0,100,67.14
2737,80,55,0,4,25.0,50.0,0,80,37.0
2738,33,17,1,5,83.75,92.22,100,100,92.4
2739,21,13,1,0,98.75,96.67,100,0,83.46
2740,33,28,0,4,83.75,80.0,0,80,65.12
2741,27,3,1,5,91.25,30,100,100,72.88
2742,90,83,0,5,12.5,18.89,0,100,25.36
2743,48,37,0,3,65.0,70.0,0,60,53.0
2744,20,11,1,3,100,98.89,100,60,93.61
2745,4,2,0,2,20,20,0,40,19.0
2746,16,4,1,0,80,40,100,0,58.0
2747,43,41,0,2,71.25,65.56,0,40,50.32
2748,43,18,0,1,71.25,91.11,0,20,56.26
2749,36,1,0,3,80.0,10,0,60,36.5
2750,29,13,0,0,88.75,96.67,0,0,60.46
2751,23,17,1,4,96.25,92.22,100,80,93.15
2752,63,7,1,5,46.25,70,100,100,73.38
2753,74,37,1,4,32.5,70.0,100,80,66.25
2754,13,1,0,2,65,10,0,40,29.0
2755,97,50,0,2,3.75,55.56,0,40,26.57
2756,95,87,1,3,6.25,14.44,100,60,35.93
2757,76,17,1,0,30.0,92.22,100,0,61.28
2758,88,66,0,5,15.0,37.78,0,100,32.72
2759,17,5,1,4,85,50,100,80,75.0
2760,95,35,0,5,6.25,72.22,0,100,42.15
2761,82,48,0,5,22.5,57.78,0,100,41.97
2762,78,54,1,1,27.5,51.11,100,20,49.14
2763,57,23,1,4,53.75,85.56,100,80,78.07
2764,37,18,1,4,78.75,91.11,100,80,87.51
2765,92,30,1,5,10.0,77.78,100,100,65.22
2766,12,5,1,2,60,50,100,40,61.5
2767,12,11,0,0,60,98.89,0,0,52.61
2768,94,31,0,1,7.5,76.67,0,20,32.08
2769,74,8,0,5,32.5,80,0,100,52.75
2770,37,36,1,0,78.75,71.11,100,0,68.51
2771,55,44,0,3,56.25,62.22,0,60,47.65
2772,64,16,1,0,45.0,93.33,100,0,66.17
2773,79,25,0,5,26.25,83.33,0,100,52.04
2774,55,45,1,1,56.25,61.11,100,20,61.26
2775,95,85,0,4,6.25,16.67,0,80,19.71
2776,58,11,0,1,52.5,98.89,0,20,53.36
2777,10,6,0,4,50,60,0,80,48.0
2778,46,4,1,3,67.5,40,100,60,63.25
2779,49,11,1,0,63.75,98.89,100,0,73.74
2780,44,44,0,4,70.0,62.22,0,80,54.78
2781,99,16,1,2,1.25,93.33,100,40,59.04
2782,62,19,1,1,47.5,90.0,100,20,68.75
2783,1,1,0,2,5,10,0,40,11.0
2784,83,66,0,3,21.25,37.78,0,60,28.6
2785,80,63,0,2,25.0,41.11,0,40,27.89
2786,1,1,1,2,5,10,100,40,31.0
2787,46,7,0,2,67.5,70,0,40,50.75
2788,93,24,1,2,8.75,84.44,100,40,58.18
2789,2,1,1,3,10,10,100,60,35.5
2790,26,3,0,3,92.5,30,0,60,47.25
2791,16,16,0,1,80,93.33,0,20,59.67
2792,99,85,1,1,1.25,16.67,100,20,29.21
2793,61,26,1,2,48.75,82.22,100,40,69.4
2794,47,28,0,4,66.25,80.0,0,80,59.88
2795,35,7,1,5,81.25,70,100,100,83.88
2796,57,11,0,2,53.75,98.89,0,40,56.74
2797,96,56,0,2,5.0,48.89,0,40,24.61
2798,91,26,0,1,11.25,82.22,0,20,35.15
2799,37,3,0,3,78.75,30,0,60,43.12
2800,54,48,1,0,57.5,57.78,100,0,57.47
2801,21,7,1,5,98.75,70,100,100,89.12
2802,35,8,1,3,81.25,80,100,60,81.38
2803,71,64,0,2,36.25,40.0,0,40,30.88
2804,97,52,1,1,3.75,53.33,100,20,42.79
2805,15,2,0,1,75,20,0,20,32.5
2806,20,12,0,5,100,97.78,0,100,79.22
2807,31,2,1,3,86.25,20,100,60,61.88
2808,77,2,1,3,28.75,20,100,60,44.62
2809,38,19,1,0,77.5,90.0,100,0,74.75
2810,98,55,0,4,2.5,50.0,0,80,30.25
2811,20,17,0,1,100,92.22,0,20,65.28
2812,36,8,1,5,80.0,80,100,100,87.0
2813,32,28,0,3,85.0,80.0,0,60,62.5
2814,91,14,0,1,11.25,95.56,0,20,39.82
2815,76,20,0,0,30.0,88.89,0,0,40.11
2816,17,13,0,2,85,96.67,0,40,65.33
2817,25,5,1,0,93.75,50,100,0,65.62
2818,79,26,0,0,26.25,82.22,0,0,36.65
2819,49,27,1,5,63.75,81.11,100,100,82.51
2820,82,30,0,2,22.5,77.78,0,40,39.97
2821,55,31,0,4,56.25,76.67,0,80,55.71
2822,55,42,0,2,56.25,64.44,0,40,45.43
2823,15,5,1,2,75,50,100,40,66.0
2824,45,27,0,2,68.75,81.11,0,40,55.01
2825,7,2,0,0,35,20,0,0,17.5
2826,7,6,1,1,35,60,100,20,54.5
2827,37,31,1,4,78.75,76.67,100,80,82.46
2828,13,7,0,2,65,70,0,40,50.0
2829,63,24,1,2,46.25,84.44,100,40,69.43
2830,15,2,0,5,75,20,0,100,44.5
2831,71,17,1,2,36.25,92.22,100,40,69.15
2832,95,47,1,1,6.25,58.89,100,20,45.49
2833,84,36,0,4,20.0,71.11,0,80,42.89
2834,50,6,0,1,62.5,60,0,20,42.75
2835,81,78,0,0,23.75,24.44,0,0,15.68
2836,76,25,0,5,30.0,83.33,0,100,53.17
2837,58,7,0,4,52.5,70,0,80,52.25
2838,80,44,1,5,25.0,62.22,100,100,64.28
2839,61,49,0,4,48.75,56.67,0,80,46.46
2840,93,20,0,1,8.75,88.89,0,20,36.74
2841,25,14,1,4,93.75,95.56,100,80,93.57
2842,45,24,1,5,68.75,84.44,100,100,85.18
2843,92,16,1,0,10.0,93.33,100,0,55.67
2844,62,27,0,1,47.5,81.11,0,20,45.64
2845,77,36,0,2,28.75,71.11,0,40,39.51
2846,6,5,0,5,30,50,0,100,41.5
2847,25,24,1,3,93.75,84.44,100,60,86.68
2848,88,69,0,1,15.0,34.44,0,20,19.55
2849,57,49,1,4,53.75,56.67,100,80,67.96
2850,100,50,1,4,0.0,55.56,100,80,51.45
2851,35,14,0,0,81.25,95.56,0,0,57.82
2852,21,19,0,4,98.75,90.0,0,80,73.12
2853,90,2,1,4,12.5,20,100,80,42.75
2854,91,68,1,2,11.25,35.56,100,40,41.82
2855,29,10,1,4,88.75,100,100,80,93.62
2856,16,6,0,0,80,60,0,0,45.0
2857,69,31,1,0,38.75,76.67,100,0,58.46
2858,82,19,1,1,22.5,90.0,100,20,61.25
2859,35,4,0,1,81.25,40,0,20,41.38
2860,69,15,0,5,38.75,94.44,0,100,59.68
2861,45,41,1,2,68.75,65.56,100,40,69.57
2862,11,9,1,5,55,90,100,100,83.0
2863,18,14,1,2,90,95.56,100,40,86.45
2864,8,1,1,1,40,10,100,20,38.5
2865,94,36,0,2,7.5,71.11,0,40,33.14
2866,3,3,0,5,15,30,0,100,30.0
2867,96,89,1,5,5.0,12.22,100,100,40.78
2868,33,14,1,1,83.75,95.56,100,20,81.57
2869,42,18,0,4,72.5,91.11,0,80,65.64
2870,81,51,0,3,23.75,54.44,0,60,35.18
2871,30,24,1,2,87.5,84.44,100,40,81.8
2872,19,16,0,3,95,93.33,0,60,70.17
2873,24,15,0,1,95.0,94.44,0,20,64.55
2874,25,19,1,5,93.75,90.0,100,100,94.62
2875,24,21,1,0,95.0,87.78,100,0,79.22
2876,40,11,0,3,75.0,98.89,0,60,66.11
2877,88,78,0,0,15.0,24.44,0,0,13.05
2878,19,3,1,1,95,30,100,20,62.0
2879,59,59,1,0,51.25,45.56,100,0,51.32
2880,93,68,0,5,8.75,35.56,0,100,30.07
2881,97,2,0,3,3.75,20,0,60,17.12
2882,50,2,0,0,62.5,20,0,0,25.75
2883,98,83,0,1,2.5,18.89,0,20,10.36
2884,32,6,1,1,85.0,60,100,20,69.5
2885,81,77,0,0,23.75,25.56,0,0,16.07
2886,14,9,1,5,70,90,100,100,87.5
2887,11,4,0,3,55,40,0,60,39.5
2888,98,73,1,1,2.5,30.0,100,20,34.25
2889,40,22,1,1,75.0,86.67,100,20,75.83
2890,32,4,1,5,85.0,40,100,100,74.5
2891,70,16,0,0,37.5,93.33,0,0,43.92
2892,14,9,1,0,70,90,100,0,72.5
2893,66,54,0,0,42.5,51.11,0,0,30.64
2894,29,1,0,3,88.75,10,0,60,39.12
2895,50,10,1,5,62.5,100,100,100,88.75
2896,37,15,1,5,78.75,94.44,100,100,91.68
2897,92,15,1,1,10.0,94.44,100,20,59.05
2898,15,4,0,2,75,40,0,40,42.5
2899,46,5,1,0,67.5,50,100,0,57.75
2900,47,6,0,4,66.25,60,0,80,52.88
2901,20,6,1,4,100,60,100,80,83.0
2902,43,39,0,5,71.25,67.78,0,100,60.1
2903,55,10,1,4,56.25,100,100,80,83.88
2904,37,23,0,2,78.75,85.56,0,40,59.57
2905,64,48,1,5,45.0,57.78,100,100,68.72
2906,10,1,0,5,50,10,0,100,33.5
2907,19,11,0,3,95,98.89,0,60,72.11
2908,58,47,1,0,52.5,58.89,100,0,56.36
2909,15,10,1,5,75,100,100,100,92.5
2910,36,10,0,2,80.0,100,0,40,65.0
2911,17,6,1,2,85,60,100,40,72.5
2912,41,32,1,3,73.75,75.56,100,60,77.57
2913,89,53,1,1,13.75,52.22,100,20,45.4
2914,84,32,1,3,20.0,75.56,100,60,61.45
2915,71,64,1,4,36.25,40.0,100,80,56.88
2916,69,30,1,0,38.75,77.78,100,0,58.85
2917,75,54,0,5,31.25,51.11,0,100,42.26
2918,12,4,1,0,60,40,100,0,52.0
2919,27,1,1,4,91.25,10,100,80,62.88
2920,61,9,0,0,48.75,90,0,0,46.12
2921,45,24,0,2,68.75,84.44,0,40,56.18
2922,59,10,1,1,51.25,100,100,20,73.38
2923,27,27,0,0,91.25,81.11,0,0,55.76
2924,96,18,0,5,5.0,91.11,0,100,48.39
2925,91,19,1,5,11.25,90.0,100,100,69.88
2926,4,4,1,0,20,40,100,0,40.0
2927,90,14,0,3,12.5,95.56,0,60,46.2
2928,77,21,0,1,28.75,87.78,0,20,42.35
2929,47,10,0,1,66.25,100,0,20,57.88
2930,10,1,1,1,50,10,100,20,41.5
2931,98,24,1,5,2.5,84.44,100,100,65.3
2932,18,17,1,3,90,92.22,100,60,88.28
2933,53,47,1,3,58.75,58.89,100,60,67.24
2934,83,2,1,0,21.25,20,100,0,33.38
2935,20,2,0,4,100,20,0,80,49.0
2936,97,23,0,0,3.75,85.56,0,0,31.07
2937,51,28,1,4,61.25,80.0,100,80,78.38
2938,92,34,1,5,10.0,73.33,100,100,63.67
2939,30,14,0,2,87.5,95.56,0,40,65.7
2940,12,9,1,1,60,90,100,20,72.5
2941,96,28,1,4,5.0,80.0,100,80,61.5
2942,8,4,1,1,40,40,100,20,49.0
2943,96,72,0,5,5.0,31.11,0,100,27.39
2944,60,31,1,5,50.0,76.67,100,100,76.83
2945,83,52,1,1,21.25,53.33,100,20,48.04
2946,7,7,1,5,35,70,100,100,70.0
2947,55,13,1,0,56.25,96.67,100,0,70.71
2948,14,2,1,4,70,20,100,80,60.0
2949,100,43,0,1,0.0,63.33,0,20,25.17
2950,37,11,0,0,78.75,98.89,0,0,58.24
2951,28,20,0,2,90.0,88.89,0,40,64.11
2952,25,18,0,5,93.75,91.11,0,100,75.01
2953,5,2,1,0,25,20,100,0,34.5
2954,73,73,0,4,33.75,30.0,0,80,32.62
2955,62,3,0,2,47.5,30,0,40,30.75
2956,12,5,0,2,60,50,0,40,41.5
2957,97,37,1,4,3.75,70.0,100,80,57.62
2958,25,11,1,5,93.75,98.89,100,100,97.74
2959,46,9,0,2,67.5,90,0,40,57.75
2960,53,48,0,4,58.75,57.78,0,80,49.85
2961,100,20,0,4,0.0,88.89,0,80,43.11
2962,49,31,0,2,63.75,76.67,0,40,51.96
2963,21,5,1,0,98.75,50,100,0,67.12
2964,81,12,0,1,23.75,97.78,0,20,44.35
2965,88,84,0,5,15.0,17.78,0,100,25.72
2966,21,17,1,3,98.75,92.22,100,60,90.9
2967,17,11,1,2,85,98.89,100,40,86.11
2968,80,56,0,5,25.0,48.89,0,100,39.61
2969,100,88,1,1,0.0,13.33,100,20,27.67
2970,27,20,0,1,91.25,88.89,0,20,61.49
2971,73,64,0,0,33.75,40.0,0,0,24.12
2972,19,10,0,3,95,100,0,60,72.5
2973,13,8,1,1,65,80,100,20,70.5
2974,38,11,0,2,77.5,98.89,0,40,63.86
2975,74,47,1,0,32.5,58.89,100,0,50.36
2976,10,3,1,2,50,30,100,40,51.5
2977,61,17,1,5,48.75,92.22,100,100,81.9
2978,18,4,1,0,90,40,100,0,61.0
2979,47,19,1,3,66.25,90.0,100,60,80.38
2980,80,17,1,2,25.0,92.22,100,40,65.78
2981,66,41,1,0,42.5,65.56,100,0,55.7
2982,88,53,1,2,15.0,52.22,100,40,48.78
2983,88,6,0,5,15.0,60,0,100,40.5
2984,32,1,0,0,85.0,10,0,0,29.0
2985,38,25,0,4,77.5,83.33,0,80,64.42
2986,52,5,0,3,60.0,50,0,60,44.5
2987,60,43,0,2,50.0,63.33,0,40,43.17
2988,60,30,1,0,50.0,77.78,100,0,62.22
2989,11,3,0,3,55,30,0,60,36.0
2990,99,56,0,3,1.25,48.89,0,60,26.49
2991,43,5,1,2,71.25,50,100,40,64.88
2992,78,63,0,5,27.5,41.11,0,100,37.64
2993,95,61,0,2,6.25,43.33,0,40,23.04
2994,59,3,0,3,51.25,30,0,60,34.88
2995,19,7,1,4,95,70,100,80,85.0
2996,5,5,1,0,25,50,100,0,45.0
2997,47,28,1,1,66.25,80.0,100,20,70.88
2998,7,2,0,5,35,20,0,100,32.5
2999,55,18,1,5,56.25,91.11,100,100,83.76
3000,23,3,0,0,96.25,30,0,0,39.38
3001,36,26,0,2,80.0,82.22,0,40,58.78
3002,92,58,1,4,10.0,46.67,100,80,51.33
3003,28,22,1,1,90.0,86.67,100,20,80.33
3004,7,1,1,2,35,10,100,40,40.0
3005,97,39,0,1,3.75,67.78,0,20,27.85
3006,45,27,1,3,68.75,81.11,100,60,78.01
3007,69,21,1,2,38.75,87.78,100,40,68.35
3008,89,74,1,0,13.75,28.89,100,0,34.24
3009,72,26,0,5,35.0,82.22,0,100,54.28
3010,86,75,0,2,17.5,27.78,0,40,20.97
3011,86,41,0,1,17.5,65.56,0,20,31.2
3012,59,10,1,2,51.25,100,100,40,76.38
3013,15,13,1,2,75,96.67,100,40,82.33
3014,67,1,1,1,41.25,10,100,20,38.88
3015,82,58,0,0,22.5,46.67,0,0,23.08
3016,28,24,0,3,90.0,84.44,0,60,65.55
3017,90,70,0,4,12.5,33.33,0,80,27.42
3018,49,14,1,1,63.75,95.56,100,20,75.57
3019,25,22,0,2,93.75,86.67,0,40,64.46
3020,47,2,1,2,66.25,20,100,40,52.88
3021,65,16,1,5,43.75,93.33,100,100,80.79
3022,59,27,1,2,51.25,81.11,100,40,69.76
3023,46,35,1,4,67.5,72.22,100,80,77.53
3024,98,43,0,1,2.5,63.33,0,20,25.92
3025,59,28,1,1,51.25,80.0,100,20,66.38
3026,71,21,1,3,36.25,87.78,100,60,70.6
3027,37,28,1,5,78.75,80.0,100,100,86.62
3028,80,13,0,0,25.0,96.67,0,0,41.33
3029,12,11,0,4,60,98.89,0,80,64.61
3030,53,7,1,5,58.75,70,100,100,77.12
3031,97,80,0,5,3.75,22.22,0,100,23.9
3032,57,33,0,5,53.75,74.44,0,100,57.18
3033,38,27,0,1,77.5,81.11,0,20,54.64
3034,100,59,1,0,0.0,45.56,100,0,35.95
3035,26,16,0,2,92.5,93.33,0,40,66.42
3036,60,27,1,0,50.0,81.11,100,0,63.39
3037,48,15,1,2,65.0,94.44,100,40,78.55
3038,85,34,1,3,18.75,73.33,100,60,60.29
3039,87,31,0,3,16.25,76.67,0,60,40.71
3040,5,1,0,1,25,10,0,20,14.0
3041,48,34,1,2,65.0,73.33,100,40,71.17
3042,22,19,1,1,97.5,90.0,100,20,83.75
3043,72,51,0,4,35.0,54.44,0,80,41.55
3044,83,51,0,4,21.25,54.44,0,80,37.43
3045,55,9,1,5,56.25,90,100,100,83.38
3046,23,13,1,4,96.25,96.67,100,80,94.71
3047,21,14,0,0,98.75,95.56,0,0,63.07
3048,91,17,0,5,11.25,92.22,0,100,50.65
3049,74,51,1,4,32.5,54.44,100,80,60.8
3050,21,11,0,0,98.75,98.89,0,0,64.24
3051,12,1,1,0,60,10,100,0,41.5
3052,81,76,0,0,23.75,26.67,0,0,16.46
3053,80,70,0,4,25.0,33.33,0,80,31.17
3054,49,2,0,3,63.75,20,0,60,35.12
3055,82,81,1,1,22.5,21.11,100,20,37.14
3056,31,21,0,2,86.25,87.78,0,40,62.6
3057,25,18,0,5,93.75,91.11,0,100,75.01
3058,100,49,1,5,0.0,56.67,100,100,54.83
3059,7,3,0,1,35,30,0,20,24.0
3060,81,3,0,0,23.75,30,0,0,17.62
3061,59,39,0,0,51.25,67.78,0,0,39.1
3062,19,10,1,1,95,100,100,20,86.5
3063,12,2,1,2,60,20,100,40,51.0
3064,27,13,0,3,91.25,96.67,0,60,70.21
3065,3,2,0,3,15,20,0,60,20.5
3066,81,10,0,5,23.75,100,0,100,57.12
3067,54,25,1,5,57.5,83.33,100,100,81.42
3068,58,52,0,1,52.5,53.33,0,20,37.42
3069,39,1,0,5,76.25,10,0,100,41.38
3070,73,5,0,2,33.75,50,0,40,33.62
3071,45,31,0,1,68.75,76.67,0,20,50.46
3072,67,33,0,1,41.25,74.44,0,20,41.43
3073,78,4,0,4,27.5,40,0,80,34.25
3074,66,20,0,2,42.5,88.89,0,40,49.86
3075,15,15,0,0,75,94.44,0,0,55.55
3076,42,9,0,0,72.5,90,0,0,53.25
3077,94,89,0,2,7.5,12.22,0,40,12.53
3078,36,31,0,0,80.0,76.67,0,0,50.83
3079,45,36,1,3,68.75,71.11,100,60,74.51
3080,96,64,1,4,5.0,40.0,100,80,47.5
3081,52,13,1,1,60.0,96.67,100,20,74.83
3082,26,22,1,3,92.5,86.67,100,60,87.08
3083,14,10,1,1,70,100,100,20,79.0
3084,27,24,1,3,91.25,84.44,100,60,85.93
3085,58,28,1,2,52.5,80.0,100,40,69.75
3086,80,14,1,3,25.0,95.56,100,60,69.95
3087,26,19,1,2,92.5,90.0,100,40,85.25
3088,81,9,1,1,23.75,90,100,20,61.62
3089,5,5,1,4,25,50,100,80,57.0
3090,53,19,1,3,58.75,90.0,100,60,78.12
3091,4,1,0,2,20,10,0,40,15.5
3092,55,51,0,2,56.25,54.44,0,40,41.93
3093,32,5,0,5,85.0,50,0,100,58.0
3094,48,24,0,2,65.0,84.44,0,40,55.05
3095,16,1,1,5,80,10,100,100,62.5
3096,2,2,0,3,10,20,0,60,19.0
3097,73,42,0,4,33.75,64.44,0,80,44.68
3098,9,7,1,4,45,70,100,80,70.0
3099,28,17,0,0,90.0,92.22,0,0,59.28
3100,72,36,0,4,35.0,71.11,0,80,47.39
3101,83,54,1,2,21.25,51.11,100,40,50.26
3102,41,13,0,0,73.75,96.67,0,0,55.96
3103,64,64,0,2,45.0,40.0,0,40,33.5
3104,54,8,0,3,57.5,80,0,60,54.25
3105,22,20,1,4,97.5,88.89,100,80,92.36
3106,50,16,0,2,62.5,93.33,0,40,57.42
3107,3,3,0,3,15,30,0,60,24.0
3108,37,9,1,0,78.75,90,100,0,75.12
3109,69,68,0,2,38.75,35.56,0,40,30.07
3110,83,3,0,3,21.25,30,0,60,25.88
3111,13,13,1,5,65,96.67,100,100,88.33
3112,39,18,1,2,76.25,91.11,100,40,80.76
3113,52,6,1,3,60.0,60,100,60,68.0
3114,79,7,1,2,26.25,70,100,40,58.38
3115,90,59,1,5,12.5,45.56,100,100,54.7
3116,16,12,0,0,80,97.78,0,0,58.22
3117,29,2,0,1,88.75,20,0,20,36.62
3118,14,6,1,1,70,60,100,20,65.0
3119,22,3,0,5,97.5,30,0,100,54.75
3120,48,35,0,5,65.0,72.22,0,100,59.78
3121,7,3,0,0,35,30,0,0,21.0
3122,7,3,0,2,35,30,0,40,27.0
3123,43,40,1,2,71.25,66.67,100,40,70.71
3124,90,22,0,4,12.5,86.67,0,80,46.08
3125,59,8,0,2,51.25,80,0,40,49.38
3126,19,19,1,5,95,90.0,100,100,95.0
3127,58,43,0,4,52.5,63.33,0,80,49.92
3128,68,31,1,5,40.0,76.67,100,100,73.83
3129,63,63,1,2,46.25,41.11,100,40,54.26
3130,99,94,1,1,1.25,6.67,100,20,25.71
3131,12,5,1,5,60,50,100,100,70.5
3132,11,6,0,5,55,60,0,100,52.5
3133,83,27,0,0,21.25,81.11,0,0,34.76
3134,64,8,0,0,45.0,80,0,0,41.5
3135,86,28,1,3,17.5,80.0,100,60,62.25
3136,25,16,0,2,93.75,93.33,0,40,66.79
3137,27,27,1,2,91.25,81.11,100,40,81.76
3138,91,59,0,4,11.25,45.56,0,80,31.32
3139,14,3,0,2,70,30,0,40,37.5
3140,50,29,0,3,62.5,78.89,0,60,55.36
3141,25,3,1,3,93.75,30,100,60,67.62
3142,22,22,1,4,97.5,86.67,100,80,91.58
3143,83,14,0,3,21.25,95.56,0,60,48.82
3144,14,12,0,1,70,97.78,0,20,58.22
3145,3,2,0,2,15,20,0,40,17.5
3146,4,4,1,2,20,40,100,40,46.0
3147,34,8,0,2,82.5,80,0,40,58.75
3148,56,14,0,3,55.0,95.56,0,60,58.95
3149,65,56,1,0,43.75,48.89,100,0,50.24
3150,57,18,1,0,53.75,91.11,100,0,68.01
3151,7,6,1,5,35,60,100,100,66.5
3152,55,13,1,1,56.25,96.67,100,20,73.71
3153,52,12,1,4,60.0,97.78,100,80,84.22
3154,78,64,1,0,27.5,40.0,100,0,42.25
3155,88,7,0,0,15.0,70,0,0,29.0
3156,29,4,0,0,88.75,40,0,0,40.62
3157,74,35,0,0,32.5,72.22,0,0,35.03
3158,69,13,1,1,38.75,96.67,100,20,68.46
3159,80,52,1,3,25.0,53.33,100,60,55.17
3160,13,4,1,3,65,40,100,60,62.5
3161,27,6,0,2,91.25,60,0,40,54.38
3162,82,37,1,5,22.5,70.0,100,100,66.25
3163,1,1,0,4,5,10,0,80,17.0
3164,90,80,1,5,12.5,22.22,100,100,46.53
3165,40,16,0,2,75.0,93.33,0,40,61.17
3166,88,9,0,1,15.0,90,0,20,39.0
3167,43,30,0,0,71.25,77.78,0,0,48.6
3168,86,61,1,2,17.5,43.33,100,40,46.42
3169,3,1,1,0,15,10,100,0,28.0
3170,22,22,0,4,97.5,86.67,0,80,71.58
3171,46,31,0,3,67.5,76.67,0,60,56.08
3172,32,31,0,0,85.0,76.67,0,0,52.33
3173,3,3,1,1,15,30,100,20,38.0
3174,68,65,0,1,40.0,38.89,0,20,28.61
3175,100,13,0,2,0.0,96.67,0,40,39.83
3176,95,43,1,3,6.25,63.33,100,60,53.04
3177,95,45,1,5,6.25,61.11,100,100,58.26
3178,63,17,1,3,46.25,92.22,100,60,75.15
3179,2,2,1,5,10,20,100,100,45.0
3180,43,34,1,0,71.25,73.33,100,0,67.04
3181,35,34,0,1,81.25,73.33,0,20,53.04
3182,53,15,0,2,58.75,94.44,0,40,56.68
3183,64,4,0,4,45.0,40,0,80,39.5
3184,95,90,1,2,6.25,11.11,100,40,31.76
3185,27,24,0,1,91.25,84.44,0,20,59.93
3186,49,41,0,2,63.75,65.56,0,40,48.07
3187,81,70,1,4,23.75,33.33,100,80,50.79
3188,23,9,1,2,96.25,90,100,40,86.38
3189,51,38,1,2,61.25,68.89,100,40,68.49
3190,40,13,0,4,75.0,96.67,0,80,68.33
3191,67,44,0,3,41.25,62.22,0,60,43.15
3192,59,37,1,2,51.25,70.0,100,40,65.88
3193,15,1,1,5,75,10,100,100,61.0
3194,19,15,0,4,95,94.44,0,80,73.55
3195,38,36,0,2,77.5,71.11,0,40,54.14
3196,63,19,0,2,46.25,90.0,0,40,51.38
3197,2,2,0,1,10,20,0,20,13.0
3198,37,8,0,3,78.75,80,0,60,60.62
3199,40,1,1,2,75.0,10,100,40,52.0
3200,85,1,0,2,18.75,10,0,40,15.12
3201,18,12,1,4,90,97.78,100,80,93.22
3202,86,72,0,0,17.5,31.11,0,0,16.14
3203,92,35,0,5,10.0,72.22,0,100,43.28
3204,26,14,0,2,92.5,95.56,0,40,67.2
3205,29,2,1,2,88.75,20,100,40,59.62
3206,32,25,1,3,85.0,83.33,100,60,83.67
3207,13,5,1,4,65,50,100,80,69.0
3208,40,12,1,5,75.0,97.78,100,100,91.72
3209,42,38,0,5,72.5,68.89,0,100,60.86
3210,99,26,1,1,1.25,82.22,100,20,52.15
3211,54,36,0,2,57.5,71.11,0,40,48.14
3212,40,6,1,4,75.0,60,100,80,75.5
3213,81,60,0,3,23.75,44.44,0,60,31.68
3214,56,7,0,4,55.0,70,0,80,53.0
3215,57,45,1,4,53.75,61.11,100,80,69.51
3216,88,46,1,2,15.0,60.0,100,40,51.5
3217,55,30,1,3,56.25,77.78,100,60,73.1
3218,60,2,0,3,50.0,20,0,60,31.0
3219,12,3,1,1,60,30,100,20,51.5
3220,75,66,1,1,31.25,37.78,100,20,45.6
3221,80,70,1,0,25.0,33.33,100,0,39.17
3222,97,51,0,3,3.75,54.44,0,60,29.18
3223,86,1,1,4,17.5,10,100,80,40.75
3224,59,54,0,0,51.25,51.11,0,0,33.26
3225,8,5,0,2,40,50,0,40,35.5
3226,77,13,1,4,28.75,96.67,100,80,74.46
3227,62,45,1,0,47.5,61.11,100,0,55.64
3228,16,2,0,4,80,20,0,80,43.0
3229,19,18,1,1,95,91.11,100,20,83.39
3230,29,29,0,2,88.75,78.89,0,40,60.24
3231,81,40,0,3,23.75,66.67,0,60,39.46
3232,80,26,0,0,25.0,82.22,0,0,36.28
3233,1,1,0,4,5,10,0,80,17.0
3234,13,4,0,0,65,40,0,0,33.5
3235,61,2,1,3,48.75,20,100,60,50.62
3236,8,2,1,3,40,20,100,60,48.0
3237,62,12,0,4,47.5,97.78,0,80,60.47
3238,34,29,0,3,82.5,78.89,0,60,61.36
3239,19,1,0,1,95,10,0,20,35.0
3240,96,85,0,1,5.0,16.67,0,20,10.33
3241,66,26,1,3,42.5,82.22,100,60,70.53
3242,38,19,0,4,77.5,90.0,0,80,66.75
3243,64,48,1,3,45.0,57.78,100,60,62.72
3244,50,45,0,3,62.5,61.11,0,60,49.14
3245,54,53,1,1,57.5,52.22,100,20,58.53
3246,4,3,1,0,20,30,100,0,36.5
3247,73,50,0,4,33.75,55.56,0,80,41.57
3248,39,3,1,0,76.25,30,100,0,53.38
3249,46,9,1,5,67.5,90,100,100,86.75
3250,59,18,0,1,51.25,91.11,0,20,50.26
3251,46,33,0,2,67.5,74.44,0,40,52.3
3252,91,68,1,4,11.25,35.56,100,80,47.82
3253,9,3,0,2,45,30,0,40,30.0
3254,84,73,1,3,20.0,30.0,100,60,45.5
3255,92,18,1,5,10.0,91.11,100,100,69.89
3256,39,26,0,5,76.25,82.22,0,100,66.65
3257,62,25,1,4,47.5,83.33,100,80,75.42
3258,85,24,1,1,18.75,84.44,100,20,58.18
3259,90,42,1,4,12.5,64.44,100,80,58.3
3260,80,52,0,0,25.0,53.33,0,0,26.17
3261,4,2,0,0,20,20,0,0,13.0
3262,86,14,1,5,17.5,95.56,100,100,73.7
3263,61,21,0,5,48.75,87.78,0,100,60.35
3264,31,4,0,5,86.25,40,0,100,54.88
3265,50,49,1,0,62.5,56.67,100,0,58.58
3266,8,5,0,0,40,50,0,0,29.5
3267,96,10,1,2,5.0,100,100,40,62.5
3268,78,4,0,2,27.5,40,0,40,28.25
3269,14,12,1,3,70,97.78,100,60,84.22
3270,18,18,0,1,90,91.11,0,20,61.89
3271,33,32,1,5,83.75,75.56,100,100,86.57
3272,37,15,0,5,78.75,94.44,0,100,71.68
3273,21,14,0,0,98.75,95.56,0,0,63.07
3274,75,4,0,1,31.25,40,0,20,26.38
3275,5,2,0,2,25,20,0,40,20.5
3276,100,53,0,2,0.0,52.22,0,40,24.28
3277,24,22,1,1,95.0,86.67,100,20,81.83
3278,27,19,1,4,91.25,90.0,100,80,90.88
3279,46,23,0,0,67.5,85.56,0,0,50.2
3280,57,28,1,0,53.75,80.0,100,0,64.12
3281,73,11,0,4,33.75,98.89,0,80,56.74
3282,39,7,0,3,76.25,70,0,60,56.38
3283,30,2,1,0,87.5,20,100,0,53.25
3284,29,27,1,2,88.75,81.11,100,40,81.01
3285,50,46,1,0,62.5,60.0,100,0,59.75
3286,21,10,0,4,98.75,100,0,80,76.62
3287,74,31,1,3,32.5,76.67,100,60,65.58
3288,80,8,0,4,25.0,80,0,80,47.5
3289,61,60,1,5,48.75,44.44,100,100,65.18
3290,4,1,1,3,20,10,100,60,38.5
3291,34,13,1,0,82.5,96.67,100,0,78.58
3292,18,7,1,5,90,70,100,100,86.5
3293,8,4,1,0,40,40,100,0,46.0
3294,73,5,1,0,33.75,50,100,0,47.62
3295,54,39,0,4,57.5,67.78,0,80,52.97
3296,62,61,0,2,47.5,43.33,0,40,35.42
3297,93,6,0,0,8.75,60,0,0,23.62
3298,64,29,1,3,45.0,78.89,100,60,70.11
3299,62,20,0,0,47.5,88.89,0,0,45.36
3300,8,1,0,4,40,10,0,80,27.5
3301,78,49,0,4,27.5,56.67,0,80,40.08
3302,62,4,1,3,47.5,40,100,60,57.25
3303,90,17,1,5,12.5,92.22,100,100,71.03
3304,55,36,0,0,56.25,71.11,0,0,41.76
3305,57,8,1,2,53.75,80,100,40,70.12
3306,25,11,1,0,93.75,98.89,100,0,82.74
3307,31,8,0,4,86.25,80,0,80,65.88
3308,2,1,1,5,10,10,100,100,41.5
3309,97,69,0,0,3.75,34.44,0,0,13.18
3310,93,32,0,0,8.75,75.56,0,0,29.07
3311,8,3,1,1,40,30,100,20,45.5
3312,37,3,1,2,78.75,30,100,40,60.12
3313,78,32,1,1,27.5,75.56,100,20,57.7
3314,78,51,1,5,27.5,54.44,100,100,62.3
3315,16,3,0,2,80,30,0,40,40.5
3316,70,27,1,5,37.5,81.11,100,100,74.64
3317,95,46,0,3,6.25,60.0,0,60,31.88
3318,92,39,1,4,10.0,67.78,100,80,58.72
3319,38,16,1,2,77.5,93.33,100,40,81.92
3320,90,70,0,0,12.5,33.33,0,0,15.42
3321,45,27,1,2,68.75,81.11,100,40,75.01
3322,11,4,0,4,55,40,0,80,42.5
3323,30,10,0,0,87.5,100,0,0,61.25
3324,48,47,0,0,65.0,58.89,0,0,40.11
3325,31,23,1,5,86.25,85.56,100,100,90.82
3326,98,59,0,0,2.5,45.56,0,0,16.7
3327,64,5,1,2,45.0,50,100,40,57.0
3328,76,50,1,0,30.0,55.56,100,0,48.45
3329,8,5,1,3,40,50,100,60,58.5
3330,3,2,1,3,15,20,100,60,40.5
3331,6,2,0,3,30,20,0,60,25.0
3332,24,22,1,4,95.0,86.67,100,80,90.83
3333,7,6,1,0,35,60,100,0,51.5
3334,70,45,0,4,37.5,61.11,0,80,44.64
3335,97,44,1,4,3.75,62.22,100,80,54.9
3336,28,25,0,2,90.0,83.33,0,40,62.17
3337,93,80,1,3,8.75,22.22,100,60,39.4
3338,94,8,0,4,7.5,80,0,80,42.25
3339,50,47,1,4,62.5,58.89,100,80,71.36
3340,60,28,1,1,50.0,80.0,100,20,66.0
3341,49,30,0,1,63.75,77.78,0,20,49.35
3342,2,2,1,0,10,20,100,0,30.0
3343,32,19,1,4,85.0,90.0,100,80,89.0
3344,51,3,1,2,61.25,30,100,40,54.88
3345,35,17,0,0,81.25,92.22,0,0,56.65
3346,40,37,1,2,75.0,70.0,100,40,73.0
3347,23,15,1,0,96.25,94.44,100,0,81.93
3348,57,1,1,0,53.75,10,100,0,39.62
3349,46,31,0,3,67.5,76.67,0,60,56.08
3350,8,2,1,4,40,20,100,80,51.0
3351,71,41,0,3,36.25,65.56,0,60,42.82
3352,24,9,1,2,95.0,90,100,40,86.0
3353,64,17,0,5,45.0,92.22,0,100,60.78
3354,23,5,0,1,96.25,50,0,20,49.38
3355,15,11,0,1,75,98.89,0,20,60.11
3356,88,65,1,4,15.0,38.89,100,80,50.11
3357,41,3,0,0,73.75,30,0,0,32.62
3358,92,34,1,0,10.0,73.33,100,0,48.67
3359,87,46,0,4,16.25,60.0,0,80,37.88
3360,31,12,0,0,86.25,97.78,0,0,60.1
3361,65,57,0,4,43.75,47.78,0,80,41.85
3362,10,4,0,2,50,40,0,40,35.0
3363,74,48,1,0,32.5,57.78,100,0,49.97
3364,83,55,1,1,21.25,50.0,100,20,46.88
3365,4,3,1,2,20,30,100,40,42.5
3366,53,42,1,3,58.75,64.44,100,60,69.18
3367,38,2,0,2,77.5,20,0,40,36.25
3368,6,3,0,4,30,30,0,80,31.5
3369,4,1,0,2,20,10,0,40,15.5
3370,66,66,1,1,42.5,37.78,100,20,48.97
3371,49,38,0,5,63.75,68.89,0,100,58.24
3372,93,20,1,5,8.75,88.89,100,100,68.74
3373,11,2,0,4,55,20,0,80,35.5
3374,65,54,0,4,43.75,51.11,0,80,43.01
3375,7,5,1,5,35,50,100,100,63.0
3376,68,67,1,2,40.0,36.67,100,40,50.83
3377,35,13,1,1,81.25,96.67,100,20,81.21
3378,43,16,1,1,71.25,93.33,100,20,77.04
3379,59,21,0,5,51.25,87.78,0,100,61.1
3380,31,15,1,2,86.25,94.44,100,40,84.93
3381,11,6,0,2,55,60,0,40,43.5
3382,84,62,0,3,20.0,42.22,0,60,29.78
3383,54,15,0,4,57.5,94.44,0,80,62.3
3384,32,27,0,4,85.0,81.11,0,80,65.89
3385,34,19,1,2,82.5,90.0,100,40,82.25
3386,16,3,1,3,80,30,100,60,63.5
3387,65,19,1,5,43.75,90.0,100,100,79.62
3388,99,26,0,3,1.25,82.22,0,60,38.15
3389,2,1,0,3,10,10,0,60,15.5
3390,34,31,0,1,82.5,76.67,0,20,54.58
3391,5,4,0,5,25,40,0,100,36.5
3392,22,3,0,4,97.5,30,0,80,51.75
3393,68,50,1,2,40.0,55.56,100,40,57.45
3394,17,13,0,5,85,96.67,0,100,74.33
3395,38,8,1,2,77.5,80,100,40,77.25
3396,76,14,0,0,30.0,95.56,0,0,42.45
3397,95,46,1,3,6.25,60.0,100,60,51.88
3398,81,58,1,2,23.75,46.67,100,40,49.46
3399,97,62,0,5,3.75,42.22,0,100,30.9
3400,24,24,0,1,95.0,84.44,0,20,61.05
3401,1,1,1,3,5,10,100,60,34.0
3402,42,29,0,4,72.5,78.89,0,80,61.36
3403,93,76,1,0,8.75,26.67,100,0,31.96
3404,30,10,1,2,87.5,100,100,40,87.25
3405,7,5,1,2,35,50,100,40,54.0
3406,42,25,1,1,72.5,83.33,100,20,73.92
3407,19,2,0,3,95,20,0,60,44.5
3408,67,36,1,0,41.25,71.11,100,0,57.26
3409,45,19,0,0,68.75,90.0,0,0,52.12
3410,37,18,1,3,78.75,91.11,100,60,84.51
3411,29,29,0,2,88.75,78.89,0,40,60.24
3412,34,7,0,5,82.5,70,0,100,64.25
3413,36,10,0,1,80.0,100,0,20,62.0
3414,71,66,0,0,36.25,37.78,0,0,24.1
3415,77,6,0,0,28.75,60,0,0,29.62
3416,63,54,0,2,46.25,51.11,0,40,37.76
3417,27,10,1,5,91.25,100,100,100,97.38
3418,57,34,0,3,53.75,73.33,0,60,50.79
3419,38,8,0,3,77.5,80,0,60,60.25
3420,56,32,1,0,55.0,75.56,100,0,62.95
3421,18,9,0,2,90,90,0,40,64.5
3422,11,4,0,2,55,40,0,40,36.5
3423,21,17,1,2,98.75,92.22,100,40,87.9
3424,59,41,0,5,51.25,65.56,0,100,53.32
3425,89,41,0,3,13.75,65.56,0,60,36.07
3426,13,12,1,1,65,97.78,100,20,76.72
3427,72,5,0,1,35.0,50,0,20,31.0
3428,18,13,0,5,90,96.67,0,100,75.83
3429,26,9,1,1,92.5,90,100,20,82.25
3430,63,53,0,5,46.25,52.22,0,100,47.15
3431,64,37,0,1,45.0,70.0,0,20,41.0
3432,82,12,0,0,22.5,97.78,0,0,40.97
3433,56,5,1,4,55.0,50,100,80,66.0
3434,79,27,0,0,26.25,81.11,0,0,36.26
3435,54,45,1,4,57.5,61.11,100,80,70.64
3436,49,41,0,5,63.75,65.56,0,100,57.07
3437,45,31,0,2,68.75,76.67,0,40,53.46
3438,30,29,1,5,87.5,78.89,100,100,88.86
3439,63,32,1,4,46.25,75.56,100,80,72.32
3440,46,35,1,2,67.5,72.22,100,40,71.53
3441,13,4,0,2,65,40,0,40,39.5
3442,54,29,1,1,57.5,78.89,100,20,67.86
3443,85,55,0,1,18.75,50.0,0,20,26.12
3444,60,21,0,2,50.0,87.78,0,40,51.72
3445,90,51,0,3,12.5,54.44,0,60,31.8
3446,63,39,1,5,46.25,67.78,100,100,72.6
3447,31,1,1,2,86.25,10,100,40,55.38
3448,65,28,1,0,43.75,80.0,100,0,61.12
3449,72,42,1,5,35.0,64.44,100,100,68.05
3450,41,27,1,3,73.75,81.11,100,60,79.51
3451,55,26,1,0,56.25,82.22,100,0,65.65
3452,35,32,0,2,81.25,75.56,0,40,56.82
3453,82,6,1,3,22.5,60,100,60,56.75
3454,53,15,0,4,58.75,94.44,0,80,62.68
3455,27,25,0,4,91.25,83.33,0,80,68.54
3456,79,43,0,4,26.25,63.33,0,80,42.04
3457,70,3,0,3,37.5,30,0,60,30.75
3458,12,12,1,2,60,97.78,100,40,78.22
3459,99,99,0,5,1.25,1.11,0,100,15.76
3460,7,5,0,2,35,50,0,40,34.0
3461,69,26,0,4,38.75,82.22,0,80,52.4
3462,51,46,0,2,61.25,60.0,0,40,45.38
3463,21,12,1,3,98.75,97.78,100,60,92.85
3464,28,18,0,0,90.0,91.11,0,0,58.89
3465,5,1,0,4,25,10,0,80,23.0
3466,51,51,1,0,61.25,54.44,100,0,57.43
3467,21,10,1,0,98.75,100,100,0,84.62
3468,30,21,0,0,87.5,87.78,0,0,56.97
3469,35,8,1,5,81.25,80,100,100,87.38
3470,52,9,1,0,60.0,90,100,0,69.5
3471,10,2,1,0,50,20,100,0,42.0
3472,2,1,0,5,10,10,0,100,21.5
3473,76,51,0,4,30.0,54.44,0,80,40.05
3474,40,21,1,4,75.0,87.78,100,80,85.22
3475,96,3,1,2,5.0,30,100,40,38.0
3476,59,13,0,2,51.25,96.67,0,40,55.21
3477,84,74,1,3,20.0,28.89,100,60,45.11
3478,38,28,0,1,77.5,80.0,0,20,54.25
3479,53,36,1,3,58.75,71.11,100,60,71.51
3480,37,35,0,3,78.75,72.22,0,60,57.9
3481,3,2,1,2,15,20,100,40,37.5
3482,98,70,0,3,2.5,33.33,0,60,21.42
3483,29,19,0,3,88.75,90.0,0,60,67.12
3484,99,30,1,2,1.25,77.78,100,40,53.6
3485,62,37,0,5,47.5,70.0,0,100,53.75
3486,40,22,0,5,75.0,86.67,0,100,67.83
3487,11,2,0,1,55,20,0,20,26.5
3488,63,38,0,0,46.25,68.89,0,0,37.99
3489,19,13,1,4,95,96.67,100,80,94.33
3490,93,73,0,0,8.75,30.0,0,0,13.12
3491,99,64,1,3,1.25,40.0,100,60,43.38
3492,40,22,0,0,75.0,86.67,0,0,52.83
3493,42,37,1,0,72.5,70.0,100,0,66.25
3494,35,14,1,4,81.25,95.56,100,80,89.82
3495,64,41,0,2,45.0,65.56,0,40,42.45
3496,60,46,1,4,50.0,60.0,100,80,68.0
3497,72,11,0,3,35.0,98.89,0,60,54.11
3498,90,10,1,1,12.5,100,100,20,61.75
3499,97,2,0,4,3.75,20,0,80,20.12
3500,96,16,0,1,5.0,93.33,0,20,37.17
3501,57,56,0,0,53.75,48.89,0,0,33.24
3502,55,32,0,5,56.25,75.56,0,100,58.32
3503,68,63,0,5,40.0,41.11,0,100,41.39
3504,71,54,1,0,36.25,51.11,100,0,48.76
3505,38,8,1,2,77.5,80,100,40,77.25
3506,93,87,1,4,8.75,14.44,100,80,39.68
3507,42,40,1,4,72.5,66.67,100,80,77.08
3508,84,22,0,2,20.0,86.67,0,40,42.33
3509,67,27,1,4,41.25,81.11,100,80,72.76
3510,78,33,1,3,27.5,74.44,100,60,63.3
3511,27,11,0,1,91.25,98.89,0,20,64.99
3512,68,61,0,2,40.0,43.33,0,40,33.17
3513,54,12,0,3,57.5,97.78,0,60,60.47
3514,9,1,1,5,45,10,100,100,52.0
3515,25,7,0,4,93.75,70,0,80,64.62
3516,59,22,0,0,51.25,86.67,0,0,45.71
3517,80,60,0,0,25.0,44.44,0,0,23.05
3518,45,41,0,2,68.75,65.56,0,40,49.57
3519,81,2,0,2,23.75,20,0,40,20.12
3520,37,28,1,2,78.75,80.0,100,40,77.62
3521,80,52,1,4,25.0,53.33,100,80,58.17
3522,70,26,0,4,37.5,82.22,0,80,52.03
3523,20,4,0,2,100,40,0,40,50.0
3524,23,9,0,1,96.25,90,0,20,63.38
3525,67,50,1,4,41.25,55.56,100,80,63.82
3526,99,76,1,5,1.25,26.67,100,100,44.71
3527,79,61,0,1,26.25,43.33,0,20,26.04
3528,1,1,0,0,5,10,0,0,5.0
3529,79,19,0,1,26.25,90.0,0,20,42.38
3530,61,56,0,2,48.75,48.89,0,40,37.74
3531,10,1,0,4,50,10,0,80,30.5
3532,57,28,1,2,53.75,80.0,100,40,70.12
3533,39,33,0,1,76.25,74.44,0,20,51.93
3534,72,51,1,3,35.0,54.44,100,60,58.55
3535,91,61,1,2,11.25,43.33,100,40,44.54
3536,67,41,0,4,41.25,65.56,0,80,47.32
3537,28,6,1,5,90.0,60,100,100,83.0
3538,19,14,1,3,95,95.56,100,60,90.95
3539,89,33,0,4,13.75,74.44,0,80,42.18
3540,56,42,1,1,55.0,64.44,100,20,62.05
3541,4,3,1,5,20,30,100,100,51.5
3542,45,28,0,4,68.75,80.0,0,80,60.62
3543,72,25,1,2,35.0,83.33,100,40,65.67
3544,23,1,0,3,96.25,10,0,60,41.38
3545,47,34,0,0,66.25,73.33,0,0,45.54
3546,76,40,1,0,30.0,66.67,100,0,52.33
3547,48,17,0,4,65.0,92.22,0,80,63.78
3548,35,3,1,5,81.25,30,100,100,69.88
3549,62,26,0,5,47.5,82.22,0,100,58.03
3550,91,33,1,5,11.25,74.44,100,100,64.43
3551,8,1,1,4,40,10,100,80,47.5
3552,81,59,1,1,23.75,45.56,100,20,46.07
3553,61,48,0,0,48.75,57.78,0,0,34.85
3554,48,2,0,5,65.0,20,0,100,41.5
3555,95,23,0,0,6.25,85.56,0,0,31.82
3556,54,54,0,0,57.5,51.11,0,0,35.14
3557,57,41,0,2,53.75,65.56,0,40,45.07
3558,13,9,1,1,65,90,100,20,74.0
3559,84,79,0,2,20.0,23.33,0,40,20.17
3560,87,41,0,4,16.25,65.56,0,80,39.82
3561,93,47,0,5,8.75,58.89,0,100,38.24
3562,52,27,0,0,60.0,81.11,0,0,46.39
3563,25,25,0,5,93.75,83.33,0,100,72.29
3564,35,6,0,3,81.25,60,0,60,54.38
3565,6,3,0,5,30,30,0,100,34.5
3566,65,53,0,5,43.75,52.22,0,100,46.4
3567,96,1,1,2,5.0,10,100,40,31.0
3568,72,45,0,2,35.0,61.11,0,40,37.89
3569,60,37,0,4,50.0,70.0,0,80,51.5
3570,60,6,0,0,50.0,60,0,0,36.0
3571,24,24,0,1,95.0,84.44,0,20,61.05
3572,41,38,0,1,73.75,68.89,0,20,49.24
3573,2,1,1,3,10,10,100,60,35.5
3574,11,4,1,5,55,40,100,100,65.5
3575,83,25,0,2,21.25,83.33,0,40,41.54
3576,7,4,1,1,35,40,100,20,47.5
3577,36,9,1,3,80.0,90,100,60,84.5
3578,29,27,0,2,88.75,81.11,0,40,61.01
3579,26,6,1,2,92.5,60,100,40,74.75
3580,90,57,1,0,12.5,47.78,100,0,40.47
3581,63,23,1,2,46.25,85.56,100,40,69.82
3582,99,83,1,5,1.25,18.89,100,100,41.99
3583,88,22,0,4,15.0,86.67,0,80,46.83
3584,50,10,0,5,62.5,100,0,100,68.75
3585,56,23,1,1,55.0,85.56,100,20,69.45
3586,44,33,1,0,70.0,74.44,100,0,67.05
3587,66,27,1,1,42.5,81.11,100,20,64.14
3588,60,17,0,0,50.0,92.22,0,0,47.28
3589,67,24,1,1,41.25,84.44,100,20,64.93
3590,60,38,1,2,50.0,68.89,100,40,65.11
3591,73,49,0,2,33.75,56.67,0,40,35.96
3592,90,14,1,0,12.5,95.56,100,0,57.2
3593,21,14,1,2,98.75,95.56,100,40,89.07
3594,44,42,0,1,70.0,64.44,0,20,46.55
3595,46,20,0,3,67.5,88.89,0,60,60.36
3596,70,24,0,3,37.5,84.44,0,60,49.8
3597,79,59,1,5,26.25,45.56,100,100,58.82
3598,52,31,0,2,60.0,76.67,0,40,50.83
3599,93,48,1,3,8.75,57.78,100,60,51.85
3600,87,52,1,0,16.25,53.33,100,0,43.54
3601,30,25,0,3,87.5,83.33,0,60,64.42
3602,55,50,1,4,56.25,55.56,100,80,68.32
3603,52,38,0,1,60.0,68.89,0,20,45.11
3604,66,22,1,4,42.5,86.67,100,80,75.08
3605,90,68,0,4,12.5,35.56,0,80,28.2
3606,97,18,0,5,3.75,91.11,0,100,48.01
3607,43,4,0,2,71.25,40,0,40,41.38
3608,99,19,1,3,1.25,90.0,100,60,60.88
3609,51,11,1,0,61.25,98.89,100,0,72.99
3610,85,19,0,1,18.75,90.0,0,20,40.12
3611,39,20,0,1,76.25,88.89,0,20,56.99
3612,31,28,0,3,86.25,80.0,0,60,62.88
3613,12,12,0,1,60,97.78,0,20,55.22
3614,88,72,1,0,15.0,31.11,100,0,35.39
3615,62,11,1,0,47.5,98.89,100,0,68.86
3616,61,36,1,5,48.75,71.11,100,100,74.51
3617,28,16,1,3,90.0,93.33,100,60,88.67
3618,91,32,0,3,11.25,75.56,0,60,38.82
3619,17,11,0,3,85,98.89,0,60,69.11
3620,99,42,1,5,1.25,64.44,100,100,57.93
3621,94,55,1,4,7.5,50.0,100,80,51.75
3622,10,6,1,5,50,60,100,100,71.0
3623,95,76,0,1,6.25,26.67,0,20,14.21
3624,78,23,0,2,27.5,85.56,0,40,44.2
3625,47,22,0,4,66.25,86.67,0,80,62.21
3626,77,51,0,5,28.75,54.44,0,100,42.68
3627,30,5,1,1,87.5,50,100,20,66.75
3628,6,2,1,3,30,20,100,60,45.0
3629,12,6,1,5,60,60,100,100,74.0
3630,24,14,0,2,95.0,95.56,0,40,67.95
3631,40,25,1,0,75.0,83.33,100,0,71.67
3632,34,27,0,1,82.5,81.11,0,20,56.14
3633,51,44,0,3,61.25,62.22,0,60,49.15
3634,11,6,0,5,55,60,0,100,52.5
3635,52,52,0,1,60.0,53.33,0,20,39.67
3636,41,9,1,5,73.75,90,100,100,88.62
3637,59,1,1,5,51.25,10,100,100,53.88
3638,86,52,1,0,17.5,53.33,100,0,43.92
3639,39,28,1,5,76.25,80.0,100,100,85.88
3640,82,15,1,4,22.5,94.44,100,80,71.8
3641,48,31,1,4,65.0,76.67,100,80,78.33
3642,47,8,0,3,66.25,80,0,60,56.88
3643,69,50,0,1,38.75,55.56,0,20,34.07
3644,1,1,1,1,5,10,100,20,28.0
3645,66,59,1,0,42.5,45.56,100,0,48.7
3646,60,19,0,0,50.0,90.0,0,0,46.5
3647,63,30,1,0,46.25,77.78,100,0,61.1
3648,77,48,1,3,28.75,57.78,100,60,57.85
3649,44,44,1,0,70.0,62.22,100,0,62.78
3650,70,35,0,2,37.5,72.22,0,40,42.53
3651,46,27,0,3,67.5,81.11,0,60,57.64
3652,42,20,0,4,72.5,88.89,0,80,64.86
3653,15,6,0,4,75,60,0,80,55.5
3654,95,51,0,1,6.25,54.44,0,20,23.93
3655,11,9,0,1,55,90,0,20,51.0
3656,94,19,1,3,7.5,90.0,100,60,62.75
3657,36,23,1,5,80.0,85.56,100,100,88.95
3658,80,32,1,0,25.0,75.56,100,0,53.95
3659,10,6,1,0,50,60,100,0,56.0
3660,19,4,1,4,95,40,100,80,74.5
3661,93,11,1,5,8.75,98.89,100,100,72.24
3662,96,39,1,3,5.0,67.78,100,60,54.22
3663,3,1,1,5,15,10,100,100,43.0
3664,84,11,1,0,20.0,98.89,100,0,60.61
3665,25,19,1,2,93.75,90.0,100,40,85.62
3666,79,66,0,5,26.25,37.78,0,100,36.1
3667,7,3,1,1,35,30,100,20,44.0
3668,98,56,1,5,2.5,48.89,100,100,52.86
3669,89,24,1,4,13.75,84.44,100,80,65.68
3670,86,6,1,1,17.5,60,100,20,49.25
3671,87,37,1,0,16.25,70.0,100,0,49.38
3672,53,14,0,3,58.75,95.56,0,60,60.07
3673,85,17,1,2,18.75,92.22,100,40,63.9
3674,60,39,1,0,50.0,67.78,100,0,58.72
3675,29,8,0,5,88.75,80,0,100,69.62
3676,42,15,0,4,72.5,94.44,0,80,66.8
3677,37,30,1,5,78.75,77.78,100,100,85.85
3678,77,43,1,3,28.75,63.33,100,60,59.79
3679,72,2,1,2,35.0,20,100,40,43.5
3680,41,23,1,1,73.75,85.56,100,20,75.07
3681,60,55,1,1,50.0,50.0,100,20,55.5
3682,69,22,1,2,38.75,86.67,100,40,67.96
3683,52,3,0,5,60.0,30,0,100,43.5
3684,63,36,1,0,46.25,71.11,100,0,58.76
3685,27,24,1,2,91.25,84.44,100,40,82.93
3686,38,21,1,5,77.5,87.78,100,100,88.97
3687,60,2,0,4,50.0,20,0,80,34.0
3688,75,22,1,4,31.25,86.67,100,80,71.71
3689,56,27,0,2,55.0,81.11,0,40,50.89
3690,72,63,0,3,35.0,41.11,0,60,33.89
3691,69,17,1,4,38.75,92.22,100,80,75.9
3692,16,4,1,1,80,40,100,20,61.0
3693,28,4,1,1,90.0,40,100,20,64.0
3694,21,13,1,2,98.75,96.67,100,40,89.46
3695,97,28,1,4,3.75,80.0,100,80,61.12
3696,36,21,1,5,80.0,87.78,100,100,89.72
3697,14,11,1,4,70,98.89,100,80,87.61
3698,69,69,1,1,38.75,34.44,100,20,46.68
3699,52,32,1,2,60.0,75.56,100,40,70.45
3700,58,11,0,3,52.5,98.89,0,60,59.36
3701,37,1,1,3,78.75,10,100,60,56.12
3702,84,23,0,3,20.0,85.56,0,60,44.95
3703,75,54,1,3,31.25,51.11,100,60,56.26
3704,25,21,0,4,93.75,87.78,0,80,70.85
3705,29,5,0,4,88.75,50,0,80,56.12
3706,74,53,0,2,32.5,52.22,0,40,34.03
3707,79,32,0,4,26.25,75.56,0,80,46.32
3708,81,61,0,2,23.75,43.33,0,40,28.29
3709,3,3,1,4,15,30,100,80,47.0
3710,66,25,0,3,42.5,83.33,0,60,50.92
3711,48,47,0,1,65.0,58.89,0,20,43.11
3712,61,60,0,2,48.75,44.44,0,40,36.18
3713,17,10,0,0,85,100,0,0,60.5
3714,27,19,1,3,91.25,90.0,100,60,87.88
3715,32,29,0,1,85.0,78.89,0,20,56.11
3716,60,33,0,4,50.0,74.44,0,80,53.05
3717,43,11,0,3,71.25,98.89,0,60,64.99
3718,93,9,0,5,8.75,90,0,100,49.12
3719,5,4,1,3,25,40,100,60,50.5
3720,10,7,1,5,50,70,100,100,74.5
3721,69,16,0,3,38.75,93.33,0,60,53.29
3722,62,53,0,2,47.5,52.22,0,40,38.53
3723,51,47,0,2,61.25,58.89,0,40,44.99
3724,52,46,1,3,60.0,60.0,100,60,68.0
3725,16,4,0,2,80,40,0,40,44.0
3726,98,75,0,5,2.5,27.78,0,100,25.47
3727,22,12,1,5,97.5,97.78,100,100,98.47
3728,44,10,0,3,70.0,100,0,60,65.0
3729,27,9,0,2,91.25,90,0,40,64.88
3730,83,10,1,5,21.25,100,100,100,76.38
3731,63,49,0,2,46.25,56.67,0,40,39.71
3732,44,19,1,2,70.0,90.0,100,40,78.5
3733,58,45,1,4,52.5,61.11,100,80,69.14
3734,36,3,0,1,80.0,30,0,20,37.5
3735,67,37,0,1,41.25,70.0,0,20,39.88
3736,48,37,1,5,65.0,70.0,100,100,79.0
3737,38,20,0,4,77.5,88.89,0,80,66.36
3738,82,40,1,5,22.5,66.67,100,100,65.08
3739,57,44,1,1,53.75,62.22,100,20,60.9
3740,96,89,0,1,5.0,12.22,0,20,8.78
3741,78,38,1,2,27.5,68.89,100,40,58.36
3742,82,30,0,1,22.5,77.78,0,20,36.97
3743,75,39,0,4,31.25,67.78,0,80,45.1
3744,2,2,1,5,10,20,100,100,45.0
3745,66,52,1,4,42.5,53.33,100,80,63.42
3746,22,12,0,4,97.5,97.78,0,80,75.47
3747,65,41,1,3,43.75,65.56,100,60,65.07
3748,63,42,0,4,46.25,64.44,0,80,48.43
3749,62,12,1,3,47.5,97.78,100,60,77.47
3750,2,1,1,1,10,10,100,20,29.5
3751,40,14,0,1,75.0,95.56,0,20,58.95
3752,36,8,0,2,80.0,80,0,40,58.0
3753,64,59,0,5,45.0,45.56,0,100,44.45
3754,68,30,0,2,40.0,77.78,0,40,45.22
3755,86,5,1,5,17.5,50,100,100,57.75
3756,13,6,0,2,65,60,0,40,46.5
3757,71,69,0,0,36.25,34.44,0,0,22.93
3758,58,37,0,1,52.5,70.0,0,20,43.25
3759,33,12,0,1,83.75,97.78,0,20,62.35
3760,89,59,0,0,13.75,45.56,0,0,20.07
3761,78,35,1,0,27.5,72.22,100,0,53.53
3762,96,25,0,1,5.0,83.33,0,20,33.67
3763,67,39,0,1,41.25,67.78,0,20,39.1
3764,30,8,1,3,87.5,80,100,60,83.25
3765,13,9,0,2,65,90,0,40,57.0
3766,82,10,0,3,22.5,100,0,60,50.75
3767,15,8,0,3,75,80,0,60,59.5
3768,26,4,0,4,92.5,40,0,80,53.75
3769,63,20,0,4,46.25,88.89,0,80,56.99
3770,56,56,0,5,55.0,48.89,0,100,48.61
3771,57,50,0,4,53.75,55.56,0,80,47.57
3772,82,79,1,0,22.5,23.33,100,0,34.92
3773,33,27,1,3,83.75,81.11,100,60,82.51
3774,81,23,1,4,23.75,85.56,100,80,69.07
3775,62,33,1,5,47.5,74.44,100,100,75.3
3776,39,17,0,2,76.25,92.22,0,40,61.15
3777,36,36,1,5,80.0,71.11,100,100,83.89
3778,57,8,0,3,53.75,80,0,60,53.12
3779,1,1,1,3,5,10,100,60,34.0
3780,21,6,0,3,98.75,60,0,60,59.62
3781,87,39,0,3,16.25,67.78,0,60,37.6
3782,44,41,0,1,70.0,65.56,0,20,46.95
3783,100,14,0,1,0.0,95.56,0,20,36.45
3784,40,33,1,2,75.0,74.44,100,40,74.55
3785,99,68,1,0,1.25,35.56,100,0,32.82
3786,88,39,0,4,15.0,67.78,0,80,40.22
3787,87,20,1,1,16.25,88.89,100,20,58.99
3788,25,25,1,1,93.75,83.33,100,20,80.29
3789,21,20,0,2,98.75,88.89,0,40,66.74
3790,67,61,1,5,41.25,43.33,100,100,62.54
3791,35,15,1,3,81.25,94.44,100,60,86.43
3792,39,24,0,2,76.25,84.44,0,40,58.43
3793,43,23,1,3,71.25,85.56,100,60,80.32
3794,40,28,1,3,75.0,80.0,100,60,79.5
3795,1,1,0,3,5,10,0,60,14.0
3796,46,42,0,3,67.5,64.44,0,60,51.8
3797,99,36,0,5,1.25,71.11,0,100,40.26
3798,26,7,1,2,92.5,70,100,40,78.25
3799,48,2,1,3,65.0,20,100,60,55.5
3800,49,21,0,1,63.75,87.78,0,20,52.85
3801,80,65,1,2,25.0,38.89,100,40,47.11
3802,14,2,0,1,70,20,0,20,31.0
3803,42,31,1,0,72.5,76.67,100,0,68.58
3804,100,85,1,5,0.0,16.67,100,100,40.83
3805,91,63,0,2,11.25,41.11,0,40,23.76
3806,78,76,1,0,27.5,26.67,100,0,37.58
3807,13,1,1,2,65,10,100,40,49.0
3808,69,48,1,2,38.75,57.78,100,40,57.85
3809,15,8,0,5,75,80,0,100,65.5
3810,10,6,1,1,50,60,100,20,59.0
3811,20,19,1,4,100,90.0,100,80,93.5
3812,26,18,0,3,92.5,91.11,0,60,68.64
3813,32,21,1,4,85.0,87.78,100,80,88.22
3814,68,38,0,1,40.0,68.89,0,20,39.11
3815,99,99,0,5,1.25,1.11,0,100,15.76
3816,92,41,1,3,10.0,65.56,100,60,54.95
3817,96,28,0,2,5.0,80.0,0,40,35.5
3818,60,15,1,2,50.0,94.44,100,40,74.05
3819,43,13,1,2,71.25,96.67,100,40,81.21
3820,78,3,0,0,27.5,30,0,0,18.75
3821,83,53,1,3,21.25,52.22,100,60,53.65
3822,63,52,0,4,46.25,53.33,0,80,44.54
3823,8,6,0,4,40,60,0,80,45.0
3824,56,3,1,4,55.0,30,100,80,59.0
3825,63,19,1,5,46.25,90.0,100,100,80.38
3826,9,2,0,4,45,20,0,80,32.5
3827,100,15,0,4,0.0,94.44,0,80,45.05
3828,12,10,1,4,60,100,100,80,85.0
3829,84,25,0,5,20.0,83.33,0,100,50.17
3830,56,53,1,3,55.0,52.22,100,60,63.78
3831,58,57,0,5,52.5,47.78,0,100,47.47
3832,43,5,0,5,71.25,50,0,100,53.88
3833,74,44,1,4,32.5,62.22,100,80,63.53
3834,100,89,1,0,0.0,12.22,100,0,24.28
3835,52,37,1,0,60.0,70.0,100,0,62.5
3836,80,50,0,0,25.0,55.56,0,0,26.95
3837,29,11,1,1,88.75,98.89,100,20,84.24
3838,34,15,1,4,82.5,94.44,100,80,89.8
3839,59,42,0,4,51.25,64.44,0,80,49.93
3840,46,46,0,1,67.5,60.0,0,20,44.25
3841,99,19,0,2,1.25,90.0,0,40,37.88
3842,24,4,0,4,95.0,40,0,80,54.5
3843,78,6,0,4,27.5,60,0,80,41.25
3844,45,5,1,2,68.75,50,100,40,64.12
3845,30,22,0,1,87.5,86.67,0,20,59.58
3846,39,11,1,2,76.25,98.89,100,40,83.49
3847,30,30,0,2,87.5,77.78,0,40,59.47
3848,4,2,1,0,20,20,100,0,33.0
3849,49,2,1,5,63.75,20,100,100,61.12
3850,95,27,1,0,6.25,81.11,100,0,50.26
3851,58,29,1,1,52.5,78.89,100,20,66.36
3852,27,25,1,4,91.25,83.33,100,80,88.54
3853,16,3,0,4,80,30,0,80,46.5
3854,75,67,0,1,31.25,36.67,0,20,25.21
3855,97,27,0,3,3.75,81.11,0,60,38.51
3856,95,78,1,5,6.25,24.44,100,100,45.43
3857,41,27,0,1,73.75,81.11,0,20,53.51
3858,12,9,1,3,60,90,100,60,78.5
3859,33,33,0,3,83.75,74.44,0,60,60.18
3860,3,1,1,3,15,10,100,60,37.0
3861,52,7,1,2,60.0,70,100,40,68.5
3862,40,5,1,5,75.0,50,100,100,75.0
3863,39,15,0,5,76.25,94.44,0,100,70.93
3864,83,50,1,0,21.25,55.56,100,0,45.82
3865,36,21,0,1,80.0,87.78,0,20,57.72
3866,32,12,0,1,85.0,97.78,0,20,62.72
3867,67,20,0,5,41.25,88.89,0,100,58.49
3868,61,49,0,0,48.75,56.67,0,0,34.46
3869,77,27,1,2,28.75,81.11,100,40,63.01
3870,80,54,0,3,25.0,51.11,0,60,34.39
3871,23,6,0,5,96.25,60,0,100,64.88
3872,86,24,1,0,17.5,84.44,100,0,54.8
3873,21,1,1,1,98.75,10,100,20,56.12
3874,40,26,1,2,75.0,82.22,100,40,77.28
3875,80,42,0,0,25.0,64.44,0,0,30.05
3876,43,2,1,0,71.25,20,100,0,48.38
3877,95,19,1,0,6.25,90.0,100,0,53.38
3878,70,49,0,1,37.5,56.67,0,20,34.08
3879,13,1,1,1,65,10,100,20,46.0
3880,12,7,0,0,60,70,0,0,42.5
3881,61,30,1,4,48.75,77.78,100,80,73.85
3882,57,9,0,2,53.75,90,0,40,53.62
3883,61,31,1,1,48.75,76.67,100,20,64.46
3884,42,35,1,4,72.5,72.22,100,80,79.03
3885,86,13,1,3,17.5,96.67,100,60,68.08
3886,96,74,0,1,5.0,28.89,0,20,14.61
3887,29,17,0,1,88.75,92.22,0,20,61.9
3888,29,22,0,5,88.75,86.67,0,100,71.96
3889,13,12,1,2,65,97.78,100,40,79.72
3890,79,14,0,1,26.25,95.56,0,20,44.32
3891,33,12,1,2,83.75,97.78,100,40,85.35
3892,91,60,1,1,11.25,44.44,100,20,41.93
3893,42,28,1,5,72.5,80.0,100,100,84.75
3894,19,19,0,5,95,90.0,0,100,75.0
3895,50,41,0,1,62.5,65.56,0,20,44.7
3896,24,1,0,5,95.0,10,0,100,47.0
3897,5,2,0,3,25,20,0,60,23.5
3898,42,1,1,3,72.5,10,100,60,54.25
3899,45,13,1,3,68.75,96.67,100,60,83.46
3900,28,15,1,4,90.0,94.44,100,80,92.05
3901,57,8,1,5,53.75,80,100,100,79.12
3902,99,66,1,2,1.25,37.78,100,40,39.6
3903,24,9,1,3,95.0,90,100,60,89.0
3904,99,71,1,5,1.25,32.22,100,100,46.65
3905,13,11,1,4,65,98.89,100,80,86.11
3906,34,5,1,3,82.5,50,100,60,71.25
3907,83,4,0,0,21.25,40,0,0,20.38
3908,30,15,0,0,87.5,94.44,0,0,59.3
3909,71,38,0,2,36.25,68.89,0,40,40.99
3910,40,29,1,4,75.0,78.89,100,80,82.11
3911,11,9,0,3,55,90,0,60,57.0
3912,66,25,0,5,42.5,83.33,0,100,56.92
3913,29,25,0,1,88.75,83.33,0,20,58.79
3914,94,46,0,4,7.5,60.0,0,80,35.25
3915,68,68,0,4,40.0,35.56,0,80,36.45
3916,47,35,0,5,66.25,72.22,0,100,60.15
3917,68,22,1,1,40.0,86.67,100,20,65.33
3918,13,11,0,5,65,98.89,0,100,69.11
3919,82,80,0,5,22.5,22.22,0,100,29.53
3920,20,18,1,1,100,91.11,100,20,84.89
3921,36,4,1,2,80.0,40,100,40,64.0
3922,50,34,1,3,62.5,73.33,100,60,73.42
3923,60,21,0,5,50.0,87.78,0,100,60.72
3924,39,1,0,2,76.25,10,0,40,32.38
3925,91,72,1,1,11.25,31.11,100,20,37.26
3926,94,79,0,0,7.5,23.33,0,0,10.42
3927,97,53,0,1,3.75,52.22,0,20,22.4
3928,62,53,0,1,47.5,52.22,0,20,35.53
3929,51,51,0,5,61.25,54.44,0,100,52.43
3930,54,26,0,1,57.5,82.22,0,20,49.03
3931,45,5,0,2,68.75,50,0,40,44.12
3932,18,13,0,5,90,96.67,0,100,75.83
3933,95,75,0,1,6.25,27.78,0,20,14.6
3934,57,10,1,2,53.75,100,100,40,77.12
3935,2,1,1,4,10,10,100,80,38.5
3936,14,13,1,1,70,96.67,100,20,77.83
3937,85,57,1,0,18.75,47.78,100,0,42.35
3938,70,59,0,0,37.5,45.56,0,0,27.2
3939,97,93,1,2,3.75,7.78,100,40,29.85
3940,6,4,1,0,30,40,100,0,43.0
3941,81,60,1,4,23.75,44.44,100,80,54.68
3942,22,16,1,1,97.5,93.33,100,20,84.92
3943,67,14,0,5,41.25,95.56,0,100,60.82
3944,78,77,1,1,27.5,25.56,100,20,40.2
3945,86,64,1,3,17.5,40.0,100,60,48.25
3946,8,2,1,5,40,20,100,100,54.0
3947,94,36,1,5,7.5,71.11,100,100,62.14
3948,66,43,1,5,42.5,63.33,100,100,69.92
3949,33,23,0,0,83.75,85.56,0,0,55.07
3950,13,12,1,1,65,97.78,100,20,76.72
3951,75,64,0,4,31.25,40.0,0,80,35.38
3952,56,43,1,0,55.0,63.33,100,0,58.67
3953,100,91,1,4,0.0,10.0,100,80,35.5
3954,78,73,1,4,27.5,30.0,100,80,50.75
3955,67,49,0,4,41.25,56.67,0,80,44.21
3956,14,10,0,4,70,100,0,80,68.0
3957,13,2,0,2,65,20,0,40,32.5
3958,75,54,1,5,31.25,51.11,100,100,62.26
3959,96,6,1,5,5.0,60,100,100,57.5
3960,57,55,1,4,53.75,50.0,100,80,65.62
3961,67,5,1,5,41.25,50,100,100,64.88
3962,96,56,0,1,5.0,48.89,0,20,21.61
3963,73,24,0,5,33.75,84.44,0,100,54.68
3964,43,7,1,3,71.25,70,100,60,74.88
3965,4,4,1,2,20,40,100,40,46.0
3966,88,45,1,1,15.0,61.11,100,20,48.89
3967,36,29,0,2,80.0,78.89,0,40,57.61
3968,59,45,1,1,51.25,61.11,100,20,59.76
3969,27,18,1,5,91.25,91.11,100,100,94.26
3970,52,49,1,1,60.0,56.67,100,20,60.83
3971,64,12,1,2,45.0,97.78,100,40,73.72
3972,79,69,0,2,26.25,34.44,0,40,25.93
3973,40,7,0,5,75.0,70,0,100,62.0
3974,52,21,1,5,60.0,87.78,100,100,83.72
3975,24,13,0,2,95.0,96.67,0,40,68.33
3976,91,63,1,2,11.25,41.11,100,40,43.76
3977,57,24,0,1,53.75,84.44,0,20,48.68
3978,42,2,0,1,72.5,20,0,20,31.75
3979,75,40,1,4,31.25,66.67,100,80,64.71
3980,69,23,1,4,38.75,85.56,100,80,73.57
3981,90,10,0,0,12.5,100,0,0,38.75
3982,12,12,1,2,60,97.78,100,40,78.22
3983,19,11,1,3,95,98.89,100,60,92.11
3984,18,13,0,5,90,96.67,0,100,75.83
3985,38,37,0,2,77.5,70.0,0,40,53.75
3986,29,15,0,1,88.75,94.44,0,20,62.68
3987,71,20,1,0,36.25,88.89,100,0,61.99
3988,64,29,0,1,45.0,78.89,0,20,44.11
3989,29,15,0,1,88.75,94.44,0,20,62.68
3990,2,2,0,0,10,20,0,0,10.0
3991,79,62,1,3,26.25,42.22,100,60,51.65
3992,72,71,0,3,35.0,32.22,0,60,30.78
3993,24,17,1,5,95.0,92.22,100,100,95.78
3994,74,50,1,5,32.5,55.56,100,100,64.2
3995,47,17,1,2,66.25,92.22,100,40,78.15
3996,47,16,1,4,66.25,93.33,100,80,84.54
3997,46,5,0,2,67.5,50,0,40,43.75
3998,90,32,0,0,12.5,75.56,0,0,30.2
3999,65,61,1,0,43.75,43.33,100,0,48.29
4000,78,30,1,5,27.5,77.78,100,100,70.47
4001,90,83,0,3,12.5,18.89,0,60,19.36
4002,35,4,1,4,81.25,40,100,80,70.38
4003,57,32,1,0,53.75,75.56,100,0,62.57
4004,22,1,1,4,97.5,10,100,80,64.75
4005,84,8,1,3,20.0,80,100,60,63.0
4006,91,19,0,5,11.25,90.0,0,100,49.88
4007,46,5,1,4,67.5,50,100,80,69.75
4008,33,2,1,3,83.75,20,100,60,61.12
4009,91,18,1,1,11.25,91.11,100,20,58.26
4010,85,58,1,4,18.75,46.67,100,80,53.96
4011,90,87,1,2,12.5,14.44,100,40,34.8
4012,30,19,1,1,87.5,90.0,100,20,80.75
4013,99,70,1,0,1.25,33.33,100,0,32.04
4014,79,7,1,4,26.25,70,100,80,64.38
4015,16,3,0,4,80,30,0,80,46.5
4016,53,47,0,5,58.75,58.89,0,100,53.24
4017,25,8,0,1,93.75,80,0,20,59.12
4018,4,4,0,2,20,40,0,40,26.0
4019,12,2,1,4,60,20,100,80,57.0
4020,90,88,1,3,12.5,13.33,100,60,37.42
4021,49,45,1,1,63.75,61.11,100,20,63.51
4022,44,12,0,2,70.0,97.78,0,40,61.22
4023,46,12,1,2,67.5,97.78,100,40,80.47
4024,64,12,0,2,45.0,97.78,0,40,53.72
4025,52,13,0,2,60.0,96.67,0,40,57.83
4026,83,82,0,2,21.25,20.0,0,40,19.38
4027,58,49,0,4,52.5,56.67,0,80,47.58
4028,33,2,0,4,83.75,20,0,80,44.12
4029,8,6,0,1,40,60,0,20,36.0
4030,1,1,0,2,5,10,0,40,11.0
4031,50,20,0,4,62.5,88.89,0,80,61.86
4032,73,48,0,1,33.75,57.78,0,20,33.35
4033,25,21,1,1,93.75,87.78,100,20,81.85
4034,69,28,1,0,38.75,80.0,100,0,59.62
4035,88,20,1,4,15.0,88.89,100,80,67.61
4036,23,15,0,4,96.25,94.44,0,80,73.93
4037,20,15,0,4,100,94.44,0,80,75.05
4038,5,5,0,2,25,50,0,40,31.0
4039,38,7,1,5,77.5,70,100,100,82.75
4040,24,19,0,0,95.0,90.0,0,0,60.0
4041,64,25,0,4,45.0,83.33,0,80,54.67
4042,44,30,1,3,70.0,77.78,100,60,77.22
4043,15,11,0,2,75,98.89,0,40,63.11
4044,32,24,0,1,85.0,84.44,0,20,58.05
4045,63,13,1,0,46.25,96.67,100,0,67.71
4046,46,4,1,5,67.5,40,100,100,69.25
4047,91,76,0,4,11.25,26.67,0,80,24.71
4048,12,11,1,4,60,98.89,100,80,84.61
4049,73,69,1,4,33.75,34.44,100,80,54.18
4050,83,26,1,2,21.25,82.22,100,40,61.15
4051,18,15,0,2,90,94.44,0,40,66.05
4052,81,55,1,3,23.75,50.0,100,60,53.62
4053,49,6,1,0,63.75,60,100,0,60.12
4054,63,7,1,4,46.25,70,100,80,70.38
4055,62,40,1,2,47.5,66.67,100,40,63.58
4056,64,37,0,4,45.0,70.0,0,80,50.0
4057,6,2,0,2,30,20,0,40,22.0
4058,76,74,0,5,30.0,28.89,0,100,34.11
4059,41,4,0,0,73.75,40,0,0,36.12
4060,39,25,0,2,76.25,83.33,0,40,58.04
4061,69,7,1,5,38.75,70,100,100,71.12
4062,66,23,1,5,42.5,85.56,100,100,77.7
4063,90,6,0,0,12.5,60,0,0,24.75
4064,59,12,0,5,51.25,97.78,0,100,64.6
4065,41,5,0,3,73.75,50,0,60,48.62
4066,27,19,0,0,91.25,90.0,0,0,58.88
4067,49,14,0,2,63.75,95.56,0,40,58.57
4068,1,1,1,1,5,10,100,20,28.0
4069,50,15,1,3,62.5,94.44,100,60,80.8
4070,6,2,0,4,30,20,0,80,28.0
4071,32,17,1,5,85.0,92.22,100,100,92.78
4072,74,40,0,5,32.5,66.67,0,100,48.08
4073,95,35,1,5,6.25,72.22,100,100,62.15
4074,2,2,1,3,10,20,100,60,39.0
4075,36,13,1,2,80.0,96.67,100,40,83.83
4076,77,2,1,0,28.75,20,100,0,35.62
4077,90,58,0,5,12.5,46.67,0,100,35.08
4078,89,29,0,5,13.75,78.89,0,100,46.74
4079,15,2,0,3,75,20,0,60,38.5
4080,9,3,1,1,45,30,100,20,47.0
4081,95,33,1,2,6.25,74.44,100,40,53.93
4082,69,37,1,4,38.75,70.0,100,80,68.12
4083,34,7,0,3,82.5,70,0,60,58.25
4084,26,3,1,1,92.5,30,100,20,61.25
4085,17,17,0,3,85,92.22,0,60,66.78
4086,62,7,0,1,47.5,70,0,20,41.75
4087,5,4,0,0,25,40,0,0,21.5
4088,98,89,0,1,2.5,12.22,0,20,8.03
4089,56,40,1,3,55.0,66.67,100,60,68.83
4090,95,19,1,4,6.25,90.0,100,80,65.38
4091,99,6,0,1,1.25,60,0,20,24.38
4092,93,41,0,4,8.75,65.56,0,80,37.57
4093,2,1,1,2,10,10,100,40,32.5
4094,23,12,1,1,96.25,97.78,100,20,86.1
4095,83,8,1,3,21.25,80,100,60,63.38
4096,20,10,0,1,100,100,0,20,68.0
4097,24,21,0,2,95.0,87.78,0,40,65.22
4098,85,57,0,3,18.75,47.78,0,60,31.35
4099,9,4,1,4,45,40,100,80,59.5
4100,21,5,1,0,98.75,50,100,0,67.12
4101,15,11,0,3,75,98.89,0,60,66.11
4102,67,3,0,5,41.25,30,0,100,37.88
4103,42,24,0,1,72.5,84.44,0,20,54.3
4104,14,11,0,0,70,98.89,0,0,55.61
4105,49,1,0,3,63.75,10,0,60,31.62
4106,99,73,0,1,1.25,30.0,0,20,13.88
4107,98,81,0,4,2.5,21.11,0,80,20.14
4108,70,10,0,5,37.5,100,0,100,61.25
4109,61,60,1,2,48.75,44.44,100,40,56.18
4110,88,79,1,3,15.0,23.33,100,60,41.67
4111,96,31,1,4,5.0,76.67,100,80,60.33
4112,33,23,1,3,83.75,85.56,100,60,84.07
4113,20,15,1,1,100,94.44,100,20,86.05
4114,19,10,0,3,95,100,0,60,72.5
4115,33,11,1,5,83.75,98.89,100,100,94.74
4116,3,2,1,1,15,20,100,20,34.5
4117,6,4,1,5,30,40,100,100,58.0
4118,70,30,1,1,37.5,77.78,100,20,61.47
4119,81,46,0,3,23.75,60.0,0,60,37.12
4120,54,27,1,5,57.5,81.11,100,100,80.64
4121,58,29,1,3,52.5,78.89,100,60,72.36
4122,47,22,1,5,66.25,86.67,100,100,85.21
4123,52,9,0,1,60.0,90,0,20,52.5
4124,28,23,0,4,90.0,85.56,0,80,68.95
4125,25,24,1,3,93.75,84.44,100,60,86.68
4126,71,53,1,5,36.25,52.22,100,100,64.15
4127,40,14,1,1,75.0,95.56,100,20,78.95
4128,61,7,1,2,48.75,70,100,40,65.12
4129,100,80,1,0,0.0,22.22,100,0,27.78
4130,26,7,1,4,92.5,70,100,80,84.25
4131,21,13,1,1,98.75,96.67,100,20,86.46
4132,57,2,0,3,53.75,20,0,60,32.12
4133,73,23,1,5,33.75,85.56,100,100,75.07
4134,88,73,0,5,15.0,30.0,0,100,30.0
4135,52,37,0,1,60.0,70.0,0,20,45.5
4136,53,21,1,1,58.75,87.78,100,20,71.35
4137,95,17,1,2,6.25,92.22,100,40,60.15
4138,79,79,0,5,26.25,23.33,0,100,31.04
4139,13,13,0,0,65,96.67,0,0,53.33
4140,3,1,0,2,15,10,0,40,14.0
4141,12,6,1,1,60,60,100,20,62.0
4142,96,20,0,2,5.0,88.89,0,40,38.61
4143,9,6,1,4,45,60,100,80,66.5
4144,58,31,1,5,52.5,76.67,100,100,77.58
4145,23,10,1,0,96.25,100,100,0,83.88
4146,72,21,0,1,35.0,87.78,0,20,44.22
4147,54,8,1,1,57.5,80,100,20,68.25
4148,72,71,1,5,35.0,32.22,100,100,56.78
4149,36,16,0,5,80.0,93.33,0,100,71.67
4150,19,15,0,0,95,94.44,0,0,61.55
4151,18,13,1,3,90,96.67,100,60,89.83
4152,62,11,0,4,47.5,98.89,0,80,60.86
4153,89,47,1,4,13.75,58.89,100,80,56.74
4154,74,24,1,0,32.5,84.44,100,0,59.3
4155,63,61,1,2,46.25,43.33,100,40,55.04
4156,11,6,0,1,55,60,0,20,40.5
4157,18,10,1,1,90,100,100,20,85.0
4158,15,15,0,5,75,94.44,0,100,70.55
4159,42,19,0,2,72.5,90.0,0,40,59.25
4160,78,64,0,4,27.5,40.0,0,80,34.25
4161,76,54,0,2,30.0,51.11,0,40,32.89
4162,33,13,1,4,83.75,96.67,100,80,90.96
4163,4,4,1,1,20,40,100,20,43.0
4164,7,6,0,5,35,60,0,100,46.5
4165,40,17,1,3,75.0,92.22,100,60,83.78
4166,44,3,1,5,70.0,30,100,100,66.5
4167,98,85,1,5,2.5,16.67,100,100,41.58
4168,11,6,0,1,55,60,0,20,40.5
4169,80,2,0,2,25.0,20,0,40,20.5
4170,49,13,1,3,63.75,96.67,100,60,81.96
4171,50,3,1,5,62.5,30,100,100,64.25
4172,49,22,1,4,63.75,86.67,100,80,81.46
4173,55,27,1,1,56.25,81.11,100,20,68.26
4174,45,17,0,3,68.75,92.22,0,60,61.9
4175,37,18,0,3,78.75,91.11,0,60,64.51
4176,86,11,1,4,17.5,98.89,100,80,71.86
4177,15,1,0,0,75,10,0,0,26.0
4178,32,5,0,2,85.0,50,0,40,49.0
4179,9,3,0,0,45,30,0,0,24.0
4180,10,1,0,5,50,10,0,100,33.5
4181,44,40,0,1,70.0,66.67,0,20,47.33
4182,75,59,1,5,31.25,45.56,100,100,60.32
4183,14,10,0,0,70,100,0,0,56.0
4184,91,18,0,5,11.25,91.11,0,100,50.26
4185,11,3,0,5,55,30,0,100,42.0
4186,12,1,1,5,60,10,100,100,56.5
4187,30,7,0,5,87.5,70,0,100,65.75
4188,11,7,1,5,55,70,100,100,76.0
4189,68,25,1,1,40.0,83.33,100,20,64.17
4190,91,64,0,3,11.25,40.0,0,60,26.38
4191,37,4,1,1,78.75,40,100,20,60.62
4192,65,1,0,1,43.75,10,0,20,19.62
4193,26,9,0,4,92.5,90,0,80,71.25
4194,74,25,0,5,32.5,83.33,0,100,53.92
4195,98,10,0,1,2.5,100,0,20,38.75
4196,42,15,0,3,72.5,94.44,0,60,63.8
4197,82,76,1,4,22.5,26.67,100,80,48.08
4198,53,33,1,1,58.75,74.44,100,20,66.68
4199,55,17,1,5,56.25,92.22,100,100,84.15
4200,31,17,0,5,86.25,92.22,0,100,73.15
4201,88,33,1,1,15.0,74.44,100,20,53.55
4202,9,1,0,3,45,10,0,60,26.0
4203,45,4,1,0,68.75,40,100,0,54.62
4204,87,58,0,5,16.25,46.67,0,100,36.21
4205,87,12,1,4,16.25,97.78,100,80,71.1
4206,99,47,0,4,1.25,58.89,0,80,32.99
4207,34,21,1,2,82.5,87.78,100,40,81.47
4208,96,62,1,3,5.0,42.22,100,60,45.28
4209,39,32,1,4,76.25,75.56,100,80,81.32
4210,96,25,0,4,5.0,83.33,0,80,42.67
4211,22,2,1,3,97.5,20,100,60,65.25
4212,60,57,1,2,50.0,47.78,100,40,57.72
4213,52,30,1,3,60.0,77.78,100,60,74.22
4214,20,5,1,3,100,50,100,60,76.5
4215,4,2,1,3,20,20,100,60,42.0
4216,81,20,1,2,23.75,88.89,100,40,64.24
4217,2,2,0,1,10,20,0,20,13.0
4218,76,24,0,0,30.0,84.44,0,0,38.55
4219,3,2,1,1,15,20,100,20,34.5
4220,35,22,0,0,81.25,86.67,0,0,54.71
4221,64,51,0,2,45.0,54.44,0,40,38.55
4222,71,36,0,1,36.25,71.11,0,20,38.76
4223,63,39,1,3,46.25,67.78,100,60,66.6
4224,56,55,0,3,55.0,50.0,0,60,43.0
4225,86,8,1,0,17.5,80,100,0,53.25
4226,9,6,1,4,45,60,100,80,66.5
4227,38,10,0,4,77.5,100,0,80,70.25
4228,64,28,1,3,45.0,80.0,100,60,70.5
4229,2,2,0,2,10,20,0,40,16.0
4230,81,40,1,4,23.75,66.67,100,80,62.46
4231,16,5,1,2,80,50,100,40,67.5
4232,93,48,0,2,8.75,57.78,0,40,28.85
4233,73,61,0,0,33.75,43.33,0,0,25.29
4234,58,24,1,1,52.5,84.44,100,20,68.3
4235,27,11,0,2,91.25,98.89,0,40,67.99
4236,82,61,1,4,22.5,43.33,100,80,53.92
4237,44,37,1,5,70.0,70.0,100,100,80.5
4238,25,5,1,5,93.75,50,100,100,80.62
4239,74,30,0,1,32.5,77.78,0,20,39.97
4240,63,37,1,0,46.25,70.0,100,0,58.38
4241,41,33,0,3,73.75,74.44,0,60,57.18
4242,97,19,1,0,3.75,90.0,100,0,52.62
4243,68,63,1,4,40.0,41.11,100,80,58.39
4244,94,35,0,3,7.5,72.22,0,60,36.53
4245,50,50,0,2,62.5,55.56,0,40,44.2
4246,92,19,1,0,10.0,90.0,100,0,54.5
4247,61,16,0,5,48.75,93.33,0,100,62.29
4248,1,1,1,4,5,10,100,80,37.0
4249,62,36,0,2,47.5,71.11,0,40,45.14
4250,41,32,1,4,73.75,75.56,100,80,80.57
4251,69,26,0,4,38.75,82.22,0,80,52.4
4252,78,16,1,5,27.5,93.33,100,100,75.92
4253,8,4,1,1,40,40,100,20,49.0
4254,49,28,0,2,63.75,80.0,0,40,53.12
4255,34,14,0,2,82.5,95.56,0,40,64.2
4256,4,1,1,0,20,10,100,0,29.5
4257,48,30,0,3,65.0,77.78,0,60,55.72
4258,81,49,0,4,23.75,56.67,0,80,38.96
4259,57,49,1,0,53.75,56.67,100,0,55.96
4260,36,30,1,1,80.0,77.78,100,20,74.22
4261,91,78,1,2,11.25,24.44,100,40,37.93
4262,21,19,0,2,98.75,90.0,0,40,67.12
4263,3,1,0,2,15,10,0,40,14.0
4264,71,62,1,1,36.25,42.22,100,20,48.65
4265,41,25,0,5,73.75,83.33,0,100,66.29
4266,56,42,1,3,55.0,64.44,100,60,68.05
4267,23,11,0,5,96.25,98.89,0,100,78.49
4268,37,21,0,4,78.75,87.78,0,80,66.35
4269,8,3,1,0,40,30,100,0,42.5
4270,9,3,0,0,45,30,0,0,24.0
4271,67,21,0,0,41.25,87.78,0,0,43.1
4272,97,47,1,2,3.75,58.89,100,40,47.74
4273,11,7,1,0,55,70,100,0,61.0
4274,64,52,0,4,45.0,53.33,0,80,44.17
4275,54,42,1,5,57.5,64.44,100,100,74.8
4276,20,18,0,1,100,91.11,0,20,64.89
4277,58,11,0,2,52.5,98.89,0,40,56.36
4278,30,8,0,5,87.5,80,0,100,69.25
4279,88,72,0,0,15.0,31.11,0,0,15.39
4280,83,29,1,0,21.25,78.89,100,0,53.99
4281,6,2,0,1,30,20,0,20,19.0
4282,18,17,1,2,90,92.22,100,40,85.28
4283,50,49,1,0,62.5,56.67,100,0,58.58
4284,66,38,1,0,42.5,68.89,100,0,56.86
4285,86,54,0,0,17.5,51.11,0,0,23.14
4286,26,19,0,1,92.5,90.0,0,20,62.25
4287,30,19,1,0,87.5,90.0,100,0,77.75
4288,45,45,0,4,68.75,61.11,0,80,54.01
4289,48,33,0,3,65.0,74.44,0,60,54.55
4290,28,5,0,5,90.0,50,0,100,59.5
4291,96,80,1,2,5.0,22.22,100,40,35.28
4292,72,48,1,1,35.0,57.78,100,20,53.72
4293,26,25,1,2,92.5,83.33,100,40,82.92
4294,26,11,1,3,92.5,98.89,100,60,91.36
4295,16,10,1,0,80,100,100,0,79.0
4296,58,39,1,1,52.5,67.78,100,20,62.47
4297,24,4,0,3,95.0,40,0,60,51.5
4298,14,12,0,1,70,97.78,0,20,58.22
4299,98,73,1,5,2.5,30.0,100,100,46.25
4300,87,28,1,2,16.25,80.0,100,40,58.88
4301,60,4,0,4,50.0,40,0,80,41.0
4302,33,14,0,2,83.75,95.56,0,40,64.57
4303,2,1,0,2,10,10,0,40,12.5
4304,27,16,1,5,91.25,93.33,100,100,95.04
4305,42,30,1,4,72.5,77.78,100,80,80.97
4306,97,22,1,3,3.75,86.67,100,60,60.46
4307,72,37,0,0,35.0,70.0,0,0,35.0
4308,79,14,0,0,26.25,95.56,0,0,41.32
4309,80,7,0,2,25.0,70,0,40,38.0
4310,1,1,1,3,5,10,100,60,34.0
4311,94,73,0,0,7.5,30.0,0,0,12.75
4312,7,3,0,5,35,30,0,100,36.0
4313,25,14,1,0,93.75,95.56,100,0,81.57
4314,36,27,0,2,80.0,81.11,0,40,58.39
4315,99,5,0,2,1.25,50,0,40,23.88
4316,19,9,1,1,95,90,100,20,83.0
4317,16,1,1,1,80,10,100,20,50.5
4318,2,1,0,5,10,10,0,100,21.5
4319,31,15,1,2,86.25,94.44,100,40,84.93
4320,3,3,1,0,15,30,100,0,35.0
4321,94,89,0,1,7.5,12.22,0,20,9.53
4322,9,7,1,0,45,70,100,0,58.0
4323,5,4,1,3,25,40,100,60,50.5
4324,53,12,0,4,58.75,97.78,0,80,63.85
4325,6,6,0,2,30,60,0,40,36.0
4326,91,37,1,1,11.25,70.0,100,20,50.88
4327,35,2,1,1,81.25,20,100,20,54.38
4328,31,23,1,0,86.25,85.56,100,0,75.82
4329,84,6,1,4,20.0,60,100,80,59.0
4330,90,63,0,5,12.5,41.11,0,100,33.14
4331,96,7,1,2,5.0,70,100,40,52.0
4332,12,10,1,3,60,100,100,60,82.0
4333,61,35,0,2,48.75,72.22,0,40,45.9
4334,85,48,0,2,18.75,57.78,0,40,31.85
4335,95,82,1,3,6.25,20.0,100,60,37.88
4336,23,19,1,2,96.25,90.0,100,40,86.38
4337,60,23,1,1,50.0,85.56,100,20,67.95
4338,87,64,1,2,16.25,40.0,100,40,44.88
4339,56,6,1,1,55.0,60,100,20,60.5
4340,43,23,1,3,71.25,85.56,100,60,80.32
4341,97,70,0,0,3.75,33.33,0,0,12.79
4342,44,33,0,4,70.0,74.44,0,80,59.05
4343,44,35,0,4,70.0,72.22,0,80,58.28
4344,18,7,1,0,90,70,100,0,71.5
4345,54,8,0,4,57.5,80,0,80,57.25
4346,14,10,0,2,70,100,0,40,62.0
4347,71,22,0,5,36.25,86.67,0,100,56.21
4348,91,43,1,0,11.25,63.33,100,0,45.54
4349,42,24,1,4,72.5,84.44,100,80,83.3
4350,85,51,0,4,18.75,54.44,0,80,36.68
4351,45,27,0,1,68.75,81.11,0,20,52.01
4352,82,59,0,5,22.5,45.56,0,100,37.7
4353,97,25,0,4,3.75,83.33,0,80,42.29
4354,14,8,0,0,70,80,0,0,49.0
4355,89,40,0,3,13.75,66.67,0,60,36.46
4356,39,14,0,1,76.25,95.56,0,20,59.32
4357,4,1,0,2,20,10,0,40,15.5
4358,16,7,0,5,80,70,0,100,63.5
4359,10,2,1,3,50,20,100,60,51.0
4360,16,14,1,5,80,95.56,100,100,92.45
4361,52,1,1,2,60.0,10,100,40,47.5
4362,50,24,0,2,62.5,84.44,0,40,54.3
4363,55,40,1,5,56.25,66.67,100,100,75.21
4364,79,76,0,5,26.25,26.67,0,100,32.21
4365,63,63,0,3,46.25,41.11,0,60,37.26
4366,41,23,0,2,73.75,85.56,0,40,58.07
4367,90,61,1,4,12.5,43.33,100,80,50.92
4368,99,13,1,5,1.25,96.67,100,100,69.21
4369,76,45,1,0,30.0,61.11,100,0,50.39
4370,49,3,1,0,63.75,30,100,0,49.62
4371,61,17,0,0,48.75,92.22,0,0,46.9
4372,32,7,1,3,85.0,70,100,60,79.0
4373,96,44,0,4,5.0,62.22,0,80,35.28
4374,61,3,1,2,48.75,30,100,40,51.12
4375,71,58,0,4,36.25,46.67,0,80,39.21
4376,53,7,0,5,58.75,70,0,100,57.12
4377,17,1,1,0,85,10,100,0,49.0
4378,65,24,1,2,43.75,84.44,100,40,68.68
4379,90,73,1,4,12.5,30.0,100,80,46.25
4380,84,7,1,4,20.0,70,100,80,62.5
4381,16,16,0,3,80,93.33,0,60,65.67
4382,38,11,0,2,77.5,98.89,0,40,63.86
4383,77,43,1,0,28.75,63.33,100,0,50.79
4384,88,20,0,1,15.0,88.89,0,20,38.61
4385,62,32,0,0,47.5,75.56,0,0,40.7
4386,50,50,0,3,62.5,55.56,0,60,47.2
4387,6,3,0,1,30,30,0,20,22.5
4388,44,44,1,1,70.0,62.22,100,20,65.78
4389,92,57,0,0,10.0,47.78,0,0,19.72
4390,22,5,0,5,97.5,50,0,100,61.75
4391,78,73,0,3,27.5,30.0,0,60,27.75
4392,64,47,1,0,45.0,58.89,100,0,54.11
4393,91,68,1,5,11.25,35.56,100,100,50.82
4394,70,14,1,3,37.5,95.56,100,60,73.7
4395,5,3,1,4,25,30,100,80,50.0
4396,90,55,0,0,12.5,50.0,0,0,21.25
4397,12,5,1,3,60,50,100,60,64.5
4398,52,33,0,1,60.0,74.44,0,20,47.05
4399,16,1,0,0,80,10,0,0,27.5
4400,74,24,0,3,32.5,84.44,0,60,48.3
4401,85,70,1,4,18.75,33.33,100,80,49.29
4402,34,31,0,5,82.5,76.67,0,100,66.58
4403,24,19,1,0,95.0,90.0,100,0,80.0
4404,72,6,0,1,35.0,60,0,20,34.5
4405,19,10,0,5,95,100,0,100,78.5
4406,90,51,0,2,12.5,54.44,0,40,28.8
4407,8,1,0,4,40,10,0,80,27.5
4408,86,35,0,2,17.5,72.22,0,40,36.53
4409,18,11,0,3,90,98.89,0,60,70.61
4410,28,7,1,3,90.0,70,100,60,80.5
4411,62,14,0,1,47.5,95.56,0,20,50.7
4412,50,36,0,1,62.5,71.11,0,20,46.64
4413,86,17,0,0,17.5,92.22,0,0,37.53
4414,62,33,0,4,47.5,74.44,0,80,52.3
4415,22,8,1,5,97.5,80,100,100,92.25
4416,47,15,1,3,66.25,94.44,100,60,81.93
4417,8,7,0,2,40,70,0,40,42.5
4418,100,51,0,1,0.0,54.44,0,20,22.05
4419,86,48,1,3,17.5,57.78,100,60,54.47
4420,78,29,0,3,27.5,78.89,0,60,44.86
4421,79,66,1,5,26.25,37.78,100,100,56.1
4422,97,82,0,1,3.75,20.0,0,20,11.12
4423,77,67,1,3,28.75,36.67,100,60,50.46
4424,99,10,1,4,1.25,100,100,80,67.38
4425,4,4,0,4,20,40,0,80,32.0
4426,11,3,0,2,55,30,0,40,33.0
4427,36,26,1,3,80.0,82.22,100,60,81.78
4428,84,44,1,4,20.0,62.22,100,80,59.78
4429,78,42,1,3,27.5,64.44,100,60,59.8
4430,66,63,1,5,42.5,41.11,100,100,62.14
4431,76,72,0,3,30.0,31.11,0,60,28.89
4432,44,6,1,2,70.0,60,100,40,68.0
4433,69,67,0,2,38.75,36.67,0,40,30.46
4434,81,35,1,2,23.75,72.22,100,40,58.4
4435,77,66,0,2,28.75,37.78,0,40,27.85
4436,42,16,0,2,72.5,93.33,0,40,60.42
4437,40,13,1,4,75.0,96.67,100,80,88.33
4438,87,53,1,2,16.25,52.22,100,40,49.15
4439,77,55,0,4,28.75,50.0,0,80,38.12
4440,18,10,0,5,90,100,0,100,77.0
4441,88,47,1,1,15.0,58.89,100,20,48.11
4442,60,38,0,0,50.0,68.89,0,0,39.11
4443,93,93,1,5,8.75,7.78,100,100,40.35
4444,32,14,1,1,85.0,95.56,100,20,81.95
4445,83,64,1,1,21.25,40.0,100,20,43.38
4446,51,31,1,4,61.25,76.67,100,80,77.21
4447,59,35,1,1,51.25,72.22,100,20,63.65
4448,33,5,1,0,83.75,50,100,0,62.62
4449,49,36,1,0,63.75,71.11,100,0,64.01
4450,9,4,1,3,45,40,100,60,56.5
4451,59,36,1,4,51.25,71.11,100,80,72.26
4452,73,54,0,2,33.75,51.11,0,40,34.01
4453,7,4,1,4,35,40,100,80,56.5
4454,14,8,1,3,70,80,100,60,78.0
4455,41,8,0,1,73.75,80,0,20,53.12
4456,16,12,0,0,80,97.78,0,0,58.22
4457,9,5,0,4,45,50,0,80,43.0
4458,69,35,0,0,38.75,72.22,0,0,36.9
4459,96,88,1,1,5.0,13.33,100,20,29.17
4460,6,6,0,0,30,60,0,0,30.0
4461,15,6,1,2,75,60,100,40,69.5
4462,56,16,0,1,55.0,93.33,0,20,52.17
4463,80,78,1,4,25.0,24.44,100,80,48.05
4464,46,16,0,0,67.5,93.33,0,0,52.92
4465,71,41,0,1,36.25,65.56,0,20,36.82
4466,50,14,0,1,62.5,95.56,0,20,55.2
4467,12,10,1,3,60,100,100,60,82.0
4468,16,4,0,3,80,40,0,60,47.0
4469,29,8,1,4,88.75,80,100,80,86.62
4470,22,6,0,2,97.5,60,0,40,56.25
4471,14,1,0,5,70,10,0,100,39.5
4472,40,28,1,3,75.0,80.0,100,60,79.5
4473,28,8,0,0,90.0,80,0,0,55.0
4474,53,46,1,3,58.75,60.0,100,60,67.62
4475,20,13,1,0,100,96.67,100,0,83.83
4476,70,35,0,5,37.5,72.22,0,100,51.53
4477,63,28,1,2,46.25,80.0,100,40,67.88
4478,3,2,1,3,15,20,100,60,40.5
4479,78,27,1,1,27.5,81.11,100,20,59.64
4480,91,10,1,1,11.25,100,100,20,61.38
4481,52,14,0,2,60.0,95.56,0,40,57.45
4482,46,26,1,1,67.5,82.22,100,20,72.03
4483,92,38,0,3,10.0,68.89,0,60,36.11
4484,77,61,0,5,28.75,43.33,0,100,38.79
4485,73,32,0,3,33.75,75.56,0,60,45.57
4486,92,3,1,4,10.0,30,100,80,45.5
4487,45,24,1,0,68.75,84.44,100,0,70.18
4488,63,28,1,3,46.25,80.0,100,60,70.88
4489,12,7,1,2,60,70,100,40,68.5
4490,30,9,1,2,87.5,90,100,40,83.75
4491,62,11,0,1,47.5,98.89,0,20,51.86
4492,75,67,0,0,31.25,36.67,0,0,22.21
4493,49,24,0,1,63.75,84.44,0,20,51.68
4494,12,12,0,0,60,97.78,0,0,52.22
4495,79,71,0,2,26.25,32.22,0,40,25.15
4496,11,9,1,3,55,90,100,60,77.0
4497,20,10,0,3,100,100,0,60,74.0
4498,36,12,0,3,80.0,97.78,0,60,67.22
4499,40,11,0,1,75.0,98.89,0,20,60.11
4500,12,10,0,4,60,100,0,80,65.0
4501,84,23,1,4,20.0,85.56,100,80,67.95
4502,61,61,1,1,48.75,43.33,100,20,52.79
4503,31,1,0,4,86.25,10,0,80,41.38
4504,92,10,0,0,10.0,100,0,0,38.0
4505,35,12,0,3,81.25,97.78,0,60,67.6
4506,71,48,0,1,36.25,57.78,0,20,34.1
4507,69,24,0,0,38.75,84.44,0,0,41.18
4508,42,11,1,4,72.5,98.89,100,80,88.36
4509,3,3,0,3,15,30,0,60,24.0
4510,18,6,0,3,90,60,0,60,57.0
4511,20,5,0,4,100,50,0,80,59.5
4512,48,37,1,3,65.0,70.0,100,60,73.0
4513,32,30,0,5,85.0,77.78,0,100,67.72
4514,15,12,0,1,75,97.78,0,20,59.72
4515,82,78,0,0,22.5,24.44,0,0,15.3
4516,49,9,0,2,63.75,90,0,40,56.62
4517,59,34,1,5,51.25,73.33,100,100,76.04
4518,97,51,1,4,3.75,54.44,100,80,52.18
4519,60,42,1,4,50.0,64.44,100,80,69.55
4520,74,52,1,4,32.5,53.33,100,80,60.42
4521,53,11,1,1,58.75,98.89,100,20,75.24
4522,5,2,0,4,25,20,0,80,26.5
4523,48,20,0,4,65.0,88.89,0,80,62.61
4524,53,25,1,2,58.75,83.33,100,40,72.79
4525,48,2,1,3,65.0,20,100,60,55.5
4526,26,25,0,1,92.5,83.33,0,20,59.92
4527,56,50,0,3,55.0,55.56,0,60,44.95
4528,76,18,1,3,30.0,91.11,100,60,69.89
4529,32,10,0,1,85.0,100,0,20,63.5
4530,57,17,1,3,53.75,92.22,100,60,77.4
4531,60,46,1,2,50.0,60.0,100,40,62.0
4532,27,15,0,3,91.25,94.44,0,60,69.43
4533,7,2,0,5,35,20,0,100,32.5
4534,13,5,1,0,65,50,100,0,57.0
4535,45,30,1,5,68.75,77.78,100,100,82.85
4536,56,5,1,2,55.0,50,100,40,60.0
4537,66,62,0,3,42.5,42.22,0,60,36.53
4538,9,6,1,1,45,60,100,20,57.5
4539,40,33,0,0,75.0,74.44,0,0,48.55
4540,13,3,1,0,65,30,100,0,50.0
4541,4,2,1,0,20,20,100,0,33.0
4542,58,26,1,4,52.5,82.22,100,80,76.53
4543,59,23,1,2,51.25,85.56,100,40,71.32
4544,48,4,0,3,65.0,40,0,60,42.5
4545,98,63,1,4,2.5,41.11,100,80,47.14
4546,5,5,0,1,25,50,0,20,28.0
4547,49,22,1,5,63.75,86.67,100,100,84.46
4548,93,82,1,1,8.75,20.0,100,20,32.62
4549,19,7,0,4,95,70,0,80,65.0
4550,50,18,1,1,62.5,91.11,100,20,73.64
4551,6,1,1,0,30,10,100,0,32.5
4552,18,7,1,4,90,70,100,80,83.5
4553,25,14,0,3,93.75,95.56,0,60,70.57
4554,71,33,0,0,36.25,74.44,0,0,36.93
4555,9,3,0,2,45,30,0,40,30.0
4556,94,62,0,1,7.5,42.22,0,20,20.03
4557,60,59,0,5,50.0,45.56,0,100,45.95
4558,64,15,0,5,45.0,94.44,0,100,61.55
4559,59,52,1,4,51.25,53.33,100,80,66.04
4560,94,48,1,2,7.5,57.78,100,40,48.47
4561,74,72,1,5,32.5,31.11,100,100,55.64
4562,86,42,0,5,17.5,64.44,0,100,42.8
4563,88,76,1,4,15.0,26.67,100,80,45.83
4564,100,32,0,0,0.0,75.56,0,0,26.45
4565,56,31,1,2,55.0,76.67,100,40,69.33
4566,66,39,1,5,42.5,67.78,100,100,71.47
4567,52,4,1,2,60.0,40,100,40,58.0
4568,14,14,0,4,70,95.56,0,80,66.45
4569,29,28,0,1,88.75,80.0,0,20,57.62
4570,60,58,0,0,50.0,46.67,0,0,31.33
4571,90,70,1,3,12.5,33.33,100,60,44.42
4572,96,52,1,4,5.0,53.33,100,80,52.17
4573,43,20,0,1,71.25,88.89,0,20,55.49
4574,21,20,1,5,98.75,88.89,100,100,95.74
4575,9,6,0,3,45,60,0,60,43.5
4576,52,28,0,3,60.0,80.0,0,60,55.0
4577,61,2,1,2,48.75,20,100,40,47.62
4578,16,10,0,3,80,100,0,60,68.0
4579,63,60,1,4,46.25,44.44,100,80,61.43
4580,28,13,1,1,90.0,96.67,100,20,83.83
4581,37,16,0,2,78.75,93.33,0,40,62.29
4582,21,20,1,4,98.75,88.89,100,80,92.74
4583,49,6,0,0,63.75,60,0,0,40.12
4584,11,1,0,4,55,10,0,80,32.0
4585,55,32,0,5,56.25,75.56,0,100,58.32
4586,83,20,0,0,21.25,88.89,0,0,37.49
4587,61,12,0,1,48.75,97.78,0,20,51.85
4588,38,24,1,5,77.5,84.44,100,100,87.8
4589,74,12,0,1,32.5,97.78,0,20,46.97
4590,40,22,0,0,75.0,86.67,0,0,52.83
4591,75,11,0,4,31.25,98.89,0,80,55.99
4592,1,1,0,3,5,10,0,60,14.0
4593,63,7,1,4,46.25,70,100,80,70.38
4594,38,34,0,4,77.5,73.33,0,80,60.92
4595,37,9,0,3,78.75,90,0,60,64.12
4596,78,34,0,5,27.5,73.33,0,100,48.92
4597,100,90,0,3,0.0,11.11,0,60,12.89
4598,78,29,1,0,27.5,78.89,100,0,55.86
4599,51,22,0,5,61.25,86.67,0,100,63.71
4600,61,52,1,2,48.75,53.33,100,40,59.29
4601,66,40,1,5,42.5,66.67,100,100,71.08
4602,91,52,1,1,11.25,53.33,100,20,45.04
4603,40,21,0,1,75.0,87.78,0,20,56.22
4604,60,10,0,0,50.0,100,0,0,50.0
4605,11,1,0,1,55,10,0,20,23.0
4606,14,8,0,1,70,80,0,20,52.0
4607,93,10,1,2,8.75,100,100,40,63.62
4608,89,41,0,5,13.75,65.56,0,100,42.07
4609,62,28,1,0,47.5,80.0,100,0,62.25
4610,83,71,1,5,21.25,32.22,100,100,52.65
4611,27,16,0,2,91.25,93.33,0,40,66.04
4612,21,13,0,2,98.75,96.67,0,40,69.46
4613,9,1,0,2,45,10,0,40,23.0
4614,50,12,1,3,62.5,97.78,100,60,81.97
4615,85,51,1,3,18.75,54.44,100,60,53.68
4616,18,11,1,5,90,98.89,100,100,96.61
4617,41,37,0,0,73.75,70.0,0,0,46.62
4618,22,9,1,0,97.5,90,100,0,80.75
4619,63,57,1,1,46.25,47.78,100,20,53.6
4620,6,2,0,4,30,20,0,80,28.0
4621,78,64,1,1,27.5,40.0,100,20,45.25
4622,93,24,1,0,8.75,84.44,100,0,52.18
4623,99,2,1,5,1.25,20,100,100,42.38
4624,44,40,1,2,70.0,66.67,100,40,70.33
4625,1,1,1,4,5,10,100,80,37.0
4626,26,7,0,2,92.5,70,0,40,58.25
4627,88,85,1,4,15.0,16.67,100,80,42.33
4628,51,34,0,3,61.25,73.33,0,60,53.04
4629,99,94,0,3,1.25,6.67,0,60,11.71
4630,93,76,1,4,8.75,26.67,100,80,43.96
4631,97,59,0,2,3.75,45.56,0,40,23.07
4632,43,2,1,4,71.25,20,100,80,60.38
4633,81,9,1,3,23.75,90,100,60,67.62
4634,60,59,0,2,50.0,45.56,0,40,36.95
4635,76,29,1,2,30.0,78.89,100,40,62.61
4636,39,3,0,5,76.25,30,0,100,48.38
4637,75,33,1,2,31.25,74.44,100,40,61.43
4638,1,1,0,1,5,10,0,20,8.0
4639,58,16,1,0,52.5,93.33,100,0,68.42
4640,56,4,0,2,55.0,40,0,40,36.5
4641,69,54,0,4,38.75,51.11,0,80,41.51
4642,94,82,1,4,7.5,20.0,100,80,41.25
4643,85,7,1,4,18.75,70,100,80,62.12
4644,28,18,1,0,90.0,91.11,100,0,78.89
4645,31,30,1,4,86.25,77.78,100,80,85.1
4646,93,43,0,4,8.75,63.33,0,80,36.79
4647,84,26,0,5,20.0,82.22,0,100,49.78
4648,55,6,1,5,56.25,60,100,100,72.88
4649,32,31,0,0,85.0,76.67,0,0,52.33
4650,17,9,0,5,85,90,0,100,72.0
4651,38,17,1,1,77.5,92.22,100,20,78.53
4652,55,14,0,2,56.25,95.56,0,40,56.32
4653,13,13,1,2,65,96.67,100,40,79.33
4654,70,9,0,1,37.5,90,0,20,45.75
4655,16,1,0,0,80,10,0,0,27.5
4656,100,99,1,1,0.0,1.11,100,20,23.39
4657,15,13,1,2,75,96.67,100,40,82.33
4658,16,15,0,3,80,94.44,0,60,66.05
4659,86,79,1,0,17.5,23.33,100,0,33.42
4660,46,6,1,1,67.5,60,100,20,64.25
4661,50,13,1,5,62.5,96.67,100,100,87.58
4662,3,3,0,0,15,30,0,0,15.0
4663,21,5,1,1,98.75,50,100,20,70.12
4664,67,25,1,5,41.25,83.33,100,100,76.54
4665,45,2,1,3,68.75,20,100,60,56.62
4666,97,56,0,4,3.75,48.89,0,80,30.24
4667,100,52,0,1,0.0,53.33,0,20,21.67
4668,25,20,1,4,93.75,88.89,100,80,91.24
4669,96,90,0,5,5.0,11.11,0,100,20.39
4670,30,27,1,4,87.5,81.11,100,80,86.64
4671,99,59,1,2,1.25,45.56,100,40,42.32
4672,83,48,0,0,21.25,57.78,0,0,26.6
4673,5,4,0,0,25,40,0,0,21.5
4674,74,46,0,5,32.5,60.0,0,100,45.75
4675,48,42,1,3,65.0,64.44,100,60,71.05
4676,96,1,1,3,5.0,10,100,60,34.0
4677,11,3,0,4,55,30,0,80,39.0
4678,67,15,0,3,41.25,94.44,0,60,54.43
4679,64,44,0,4,45.0,62.22,0,80,47.28
4680,5,3,0,2,25,30,0,40,24.0
4681,69,55,1,0,38.75,50.0,100,0,49.12
4682,14,1,1,5,70,10,100,100,59.5
4683,18,9,1,1,90,90,100,20,81.5
4684,36,22,1,0,80.0,86.67,100,0,74.33
4685,68,47,0,3,40.0,58.89,0,60,41.61
4686,40,20,1,0,75.0,88.89,100,0,73.61
4687,4,3,1,1,20,30,100,20,39.5
4688,92,12,0,4,10.0,97.78,0,80,49.22
4689,78,77,0,2,27.5,25.56,0,40,23.2
4690,15,2,1,2,75,20,100,40,55.5
4691,41,8,0,4,73.75,80,0,80,62.12
4692,28,19,0,1,90.0,90.0,0,20,61.5
4693,7,3,1,4,35,30,100,80,53.0
4694,97,70,0,5,3.75,33.33,0,100,27.79
4695,71,70,1,4,36.25,33.33,100,80,54.54
4696,85,39,0,3,18.75,67.78,0,60,38.35
4697,97,6,1,3,3.75,60,100,60,51.12
4698,12,11,1,2,60,98.89,100,40,78.61
4699,95,7,0,0,6.25,70,0,0,26.38
4700,13,10,0,0,65,100,0,0,54.5
4701,62,3,1,2,47.5,30,100,40,50.75
4702,52,35,0,2,60.0,72.22,0,40,49.28
4703,21,19,0,0,98.75,90.0,0,0,61.12
4704,43,11,0,5,71.25,98.89,0,100,70.99
4705,73,14,0,3,33.75,95.56,0,60,52.57
4706,28,24,0,1,90.0,84.44,0,20,59.55
4707,95,88,0,3,6.25,13.33,0,60,15.54
4708,1,1,0,3,5,10,0,60,14.0
4709,71,31,0,3,36.25,76.67,0,60,46.71
4710,28,20,1,1,90.0,88.89,100,20,81.11
4711,68,38,1,1,40.0,68.89,100,20,59.11
4712,52,38,1,4,60.0,68.89,100,80,74.11
4713,37,18,0,4,78.75,91.11,0,80,67.51
4714,16,14,1,5,80,95.56,100,100,92.45
4715,78,64,0,0,27.5,40.0,0,0,22.25
4716,52,38,0,5,60.0,68.89,0,100,57.11
4717,33,9,0,5,83.75,90,0,100,71.62
4718,75,16,0,1,31.25,93.33,0,20,45.04
4719,92,6,0,1,10.0,60,0,20,27.0
4720,96,6,0,5,5.0,60,0,100,37.5
4721,51,9,0,2,61.25,90,0,40,55.88
4722,15,10,0,5,75,100,0,100,72.5
4723,27,23,0,5,91.25,85.56,0,100,72.32
4724,2,2,0,2,10,20,0,40,16.0
4725,27,15,0,1,91.25,94.44,0,20,63.43
4726,93,83,0,2,8.75,18.89,0,40,15.24
4727,42,27,1,5,72.5,81.11,100,100,85.14
4728,67,36,1,5,41.25,71.11,100,100,72.26
4729,26,21,0,1,92.5,87.78,0,20,61.47
4730,50,23,0,5,62.5,85.56,0,100,63.7
4731,85,32,1,3,18.75,75.56,100,60,61.07
4732,36,28,0,2,80.0,80.0,0,40,58.0
4733,1,1,1,1,5,10,100,20,28.0
4734,8,1,1,4,40,10,100,80,47.5
4735,38,14,1,0,77.5,95.56,100,0,76.7
4736,37,10,1,2,78.75,100,100,40,84.62
4737,23,14,0,3,96.25,95.56,0,60,71.32
4738,98,68,0,4,2.5,35.56,0,80,25.2
4739,59,23,1,5,51.25,85.56,100,100,80.32
4740,29,15,0,5,88.75,94.44,0,100,74.68
4741,36,31,1,2,80.0,76.67,100,40,76.83
4742,21,16,0,3,98.75,93.33,0,60,71.29
4743,18,1,0,5,90,10,0,100,45.5
4744,63,25,0,4,46.25,83.33,0,80,55.04
4745,66,19,0,2,42.5,90.0,0,40,50.25
4746,93,48,1,5,8.75,57.78,100,100,57.85
4747,13,5,1,5,65,50,100,100,72.0
4748,52,2,0,4,60.0,20,0,80,37.0
4749,14,4,1,2,70,40,100,40,61.0
4750,32,12,1,4,85.0,97.78,100,80,91.72
4751,1,1,0,2,5,10,0,40,11.0
4752,99,89,1,4,1.25,12.22,100,80,36.65
4753,44,1,1,1,70.0,10,100,20,47.5
4754,24,4,1,5,95.0,40,100,100,77.5
4755,98,55,1,5,2.5,50.0,100,100,53.25
4756,35,13,1,5,81.25,96.67,100,100,93.21
4757,78,73,1,0,27.5,30.0,100,0,38.75
4758,49,31,0,1,63.75,76.67,0,20,48.96
4759,42,3,1,2,72.5,30,100,40,58.25
4760,61,49,0,4,48.75,56.67,0,80,46.46
4761,43,32,0,3,71.25,75.56,0,60,56.82
4762,72,3,0,0,35.0,30,0,0,21.0
4763,73,18,0,3,33.75,91.11,0,60,51.01
4764,6,2,1,3,30,20,100,60,45.0
4765,69,10,0,5,38.75,100,0,100,61.62
4766,71,57,0,1,36.25,47.78,0,20,30.6
4767,95,28,0,2,6.25,80.0,0,40,35.88
4768,13,1,1,0,65,10,100,0,43.0
4769,76,53,0,2,30.0,52.22,0,40,33.28
4770,83,76,1,1,21.25,26.67,100,20,38.71
4771,12,6,0,4,60,60,0,80,51.0
4772,16,3,1,4,80,30,100,80,66.5
4773,69,31,0,3,38.75,76.67,0,60,47.46
4774,89,36,0,5,13.75,71.11,0,100,44.01
4775,97,90,0,3,3.75,11.11,0,60,14.01
4776,28,26,1,2,90.0,82.22,100,40,81.78
4777,13,2,0,4,65,20,0,80,38.5
4778,36,1,1,5,80.0,10,100,100,62.5
4779,45,23,1,4,68.75,85.56,100,80,82.57
4780,90,22,0,5,12.5,86.67,0,100,49.08
4781,13,11,0,5,65,98.89,0,100,69.11
4782,36,13,0,1,80.0,96.67,0,20,60.83
4783,30,24,0,5,87.5,84.44,0,100,70.8
4784,23,7,0,1,96.25,70,0,20,56.38
4785,17,10,1,0,85,100,100,0,80.5
4786,85,58,0,4,18.75,46.67,0,80,33.96
4787,18,2,0,5,90,20,0,100,49.0
4788,93,27,1,5,8.75,81.11,100,100,66.01
4789,97,39,1,1,3.75,67.78,100,20,47.85
4790,89,9,0,3,13.75,90,0,60,44.62
4791,49,1,0,2,63.75,10,0,40,28.62
4792,5,5,0,5,25,50,0,100,40.0
4793,54,7,0,1,57.5,70,0,20,44.75
4794,28,3,0,3,90.0,30,0,60,46.5
4795,14,7,0,5,70,70,0,100,60.5
4796,22,9,1,3,97.5,90,100,60,89.75
4797,21,20,0,3,98.75,88.89,0,60,69.74
4798,55,12,1,2,56.25,97.78,100,40,77.1
4799,41,17,0,5,73.75,92.22,0,100,69.4
4800,99,3,0,3,1.25,30,0,60,19.88
4801,38,25,1,0,77.5,83.33,100,0,72.42
4802,75,15,0,0,31.25,94.44,0,0,42.43
4803,30,24,0,4,87.5,84.44,0,80,67.8
4804,62,26,0,0,47.5,82.22,0,0,43.03
4805,67,24,0,1,41.25,84.44,0,20,44.93
4806,31,30,0,4,86.25,77.78,0,80,65.1
4807,78,70,0,1,27.5,33.33,0,20,22.92
4808,69,11,1,4,38.75,98.89,100,80,78.24
4809,69,12,1,2,38.75,97.78,100,40,71.85
4810,43,36,0,1,71.25,71.11,0,20,49.26
4811,6,4,1,1,30,40,100,20,46.0
4812,18,8,0,4,90,80,0,80,67.0
4813,19,15,0,3,95,94.44,0,60,70.55
4814,93,82,0,5,8.75,20.0,0,100,24.62
4815,98,42,1,1,2.5,64.44,100,20,46.3
4816,88,36,1,0,15.0,71.11,100,0,49.39
4817,5,1,0,5,25,10,0,100,26.0
4818,89,4,0,0,13.75,40,0,0,18.12
4819,42,11,0,0,72.5,98.89,0,0,56.36
4820,89,25,1,0,13.75,83.33,100,0,53.29
4821,57,51,1,0,53.75,54.44,100,0,55.18
4822,81,78,0,5,23.75,24.44,0,100,30.68
4823,20,12,1,3,100,97.78,100,60,93.22
4824,87,15,1,2,16.25,94.44,100,40,63.93
4825,34,11,0,4,82.5,98.89,0,80,71.36
4826,19,19,1,2,95,90.0,100,40,86.0
4827,63,34,0,1,46.25,73.33,0,20,42.54
4828,23,10,0,2,96.25,100,0,40,69.88
4829,49,31,0,4,63.75,76.67,0,80,57.96
4830,56,30,0,0,55.0,77.78,0,0,43.72
4831,77,7,0,5,28.75,70,0,100,48.12
4832,34,16,1,2,82.5,93.33,100,40,83.42
4833,82,44,0,2,22.5,62.22,0,40,34.53
4834,93,67,1,4,8.75,36.67,100,80,47.46
4835,20,13,1,4,100,96.67,100,80,95.83
4836,16,8,1,1,80,80,100,20,75.0
4837,35,33,0,2,81.25,74.44,0,40,56.43
4838,48,43,0,2,65.0,63.33,0,40,47.67
4839,40,11,1,5,75.0,98.89,100,100,92.11
4840,6,5,0,5,30,50,0,100,41.5
4841,61,4,1,1,48.75,40,100,20,51.62
4842,31,14,1,4,86.25,95.56,100,80,91.32
4843,46,2,0,1,67.5,20,0,20,30.25
4844,9,1,1,0,45,10,100,0,37.0
4845,16,13,1,4,80,96.67,100,80,89.83
4846,16,1,1,5,80,10,100,100,62.5
4847,94,34,0,4,7.5,73.33,0,80,39.92
4848,61,32,0,4,48.75,75.56,0,80,53.07
4849,25,13,0,4,93.75,96.67,0,80,73.96
4850,83,9,1,2,21.25,90,100,40,63.88
4851,32,10,0,1,85.0,100,0,20,63.5
4852,90,52,1,5,12.5,53.33,100,100,57.42
4853,22,17,1,3,97.5,92.22,100,60,90.53
4854,39,11,0,1,76.25,98.89,0,20,60.49
4855,54,49,0,2,57.5,56.67,0,40,43.08
4856,93,93,1,1,8.75,7.78,100,20,28.35
4857,14,5,1,0,70,50,100,0,58.5
4858,60,56,0,3,50.0,48.89,0,60,41.11
4859,38,25,0,2,77.5,83.33,0,40,58.42
4860,97,48,1,0,3.75,57.78,100,0,41.35
4861,24,13,0,5,95.0,96.67,0,100,77.33
4862,87,48,1,4,16.25,57.78,100,80,57.1
4863,88,24,1,1,15.0,84.44,100,20,57.05
4864,94,3,0,3,7.5,30,0,60,21.75
4865,49,20,1,2,63.75,88.89,100,40,76.24
4866,38,33,0,1,77.5,74.44,0,20,52.3
4867,94,14,1,1,7.5,95.56,100,20,58.7
4868,72,65,0,2,35.0,38.89,0,40,30.11
4869,43,9,1,4,71.25,90,100,80,84.88
4870,90,8,1,0,12.5,80,100,0,51.75
4871,38,4,1,1,77.5,40,100,20,60.25
4872,27,7,0,2,91.25,70,0,40,57.88
4873,25,17,1,4,93.75,92.22,100,80,92.4
4874,41,8,1,5,73.75,80,100,100,85.12
4875,29,26,0,0,88.75,82.22,0,0,55.4
4876,12,2,1,4,60,20,100,80,57.0
4877,60,47,0,4,50.0,58.89,0,80,47.61
4878,7,5,0,1,35,50,0,20,31.0
4879,76,12,0,3,30.0,97.78,0,60,52.22
4880,28,5,1,5,90.0,50,100,100,79.5
4881,42,15,0,3,72.5,94.44,0,60,63.8
4882,5,1,0,4,25,10,0,80,23.0
4883,98,65,1,2,2.5,38.89,100,40,40.36
4884,50,7,1,4,62.5,70,100,80,75.25
4885,53,50,0,0,58.75,55.56,0,0,37.07
4886,24,7,0,0,95.0,70,0,0,53.0
4887,76,14,1,3,30.0,95.56,100,60,71.45
4888,15,9,0,4,75,90,0,80,66.0
4889,68,2,0,5,40.0,20,0,100,34.0
4890,49,22,1,5,63.75,86.67,100,100,84.46
4891,90,64,1,5,12.5,40.0,100,100,52.75
4892,37,8,1,0,78.75,80,100,0,71.62
4893,80,28,1,2,25.0,80.0,100,40,61.5
4894,79,45,0,0,26.25,61.11,0,0,29.26
4895,10,5,0,0,50,50,0,0,32.5
4896,68,37,0,4,40.0,70.0,0,80,48.5
4897,38,15,0,3,77.5,94.44,0,60,65.3
4898,68,62,1,0,40.0,42.22,100,0,46.78
4899,76,18,1,1,30.0,91.11,100,20,63.89
4900,22,6,0,4,97.5,60,0,80,62.25
4901,78,65,0,0,27.5,38.89,0,0,21.86
4902,31,15,1,2,86.25,94.44,100,40,84.93
4903,44,27,0,0,70.0,81.11,0,0,49.39
4904,33,3,1,1,83.75,30,100,20,58.62
4905,67,53,0,2,41.25,52.22,0,40,36.65
4906,81,3,1,1,23.75,30,100,20,40.62
4907,64,51,1,3,45.0,54.44,100,60,61.55
4908,96,6,0,0,5.0,60,0,0,22.5
4909,96,17,1,0,5.0,92.22,100,0,53.78
4910,6,2,0,4,30,20,0,80,28.0
4911,27,12,1,3,91.25,97.78,100,60,90.6
4912,78,12,0,3,27.5,97.78,0,60,51.47
4913,20,15,0,2,100,94.44,0,40,69.05
4914,96,28,0,1,5.0,80.0,0,20,32.5
4915,99,28,1,2,1.25,80.0,100,40,54.38
4916,46,4,1,4,67.5,40,100,80,66.25
4917,71,24,1,4,36.25,84.44,100,80,72.43
4918,14,8,1,3,70,80,100,60,78.0
4919,98,72,0,4,2.5,31.11,0,80,23.64
4920,27,17,1,2,91.25,92.22,100,40,85.65
4921,96,6,0,1,5.0,60,0,20,25.5
4922,39,36,0,4,76.25,71.11,0,80,59.76
4923,58,50,0,2,52.5,55.56,0,40,41.2
4924,39,16,1,5,76.25,93.33,100,100,90.54
4925,71,68,0,3,36.25,35.56,0,60,32.32
4926,6,2,0,5,30,20,0,100,31.0
4927,48,40,0,0,65.0,66.67,0,0,42.83
4928,14,11,1,3,70,98.89,100,60,84.61
4929,89,89,0,4,13.75,12.22,0,80,20.4
4930,7,5,1,4,35,50,100,80,60.0
4931,75,9,1,2,31.25,90,100,40,66.88
4932,74,24,0,5,32.5,84.44,0,100,54.3
4933,58,17,0,3,52.5,92.22,0,60,57.03
4934,97,77,1,4,3.75,25.56,100,80,42.07
4935,74,49,1,4,32.5,56.67,100,80,61.58
4936,83,78,1,0,21.25,24.44,100,0,34.93
4937,67,38,0,4,41.25,68.89,0,80,48.49
4938,47,38,1,5,66.25,68.89,100,100,78.99
4939,73,32,0,2,33.75,75.56,0,40,42.57
4940,73,14,1,0,33.75,95.56,100,0,63.57
4941,99,65,1,4,1.25,38.89,100,80,45.99
4942,80,25,0,1,25.0,83.33,0,20,39.67
4943,14,3,0,2,70,30,0,40,37.5
4944,100,19,1,3,0.0,90.0,100,60,60.5
4945,73,72,0,3,33.75,31.11,0,60,30.01
4946,80,3,1,1,25.0,30,100,20,41.0
4947,51,41,0,3,61.25,65.56,0,60,50.32
4948,98,54,0,5,2.5,51.11,0,100,33.64
4949,57,12,0,2,53.75,97.78,0,40,56.35
4950,72,30,0,2,35.0,77.78,0,40,43.72
4951,86,85,1,5,17.5,16.67,100,100,46.08
4952,32,9,0,2,85.0,90,0,40,63.0
4953,1,1,1,5,5,10,100,100,40.0
4954,16,5,1,2,80,50,100,40,67.5
4955,4,2,1,4,20,20,100,80,45.0
4956,98,46,0,3,2.5,60.0,0,60,30.75
4957,85,35,0,4,18.75,72.22,0,80,42.9
4958,49,37,1,2,63.75,70.0,100,40,69.62
4959,53,41,0,1,58.75,65.56,0,20,43.57
4960,2,2,1,0,10,20,100,0,30.0
4961,87,19,0,4,16.25,90.0,0,80,48.38
4962,41,37,1,0,73.75,70.0,100,0,66.62
4963,33,13,1,3,83.75,96.67,100,60,87.96
4964,70,20,0,4,37.5,88.89,0,80,54.36
4965,99,40,1,5,1.25,66.67,100,100,58.71
4966,6,1,0,3,30,10,0,60,21.5
4967,97,29,0,0,3.75,78.89,0,0,28.74
4968,86,66,1,4,17.5,37.78,100,80,50.47
4969,51,25,0,0,61.25,83.33,0,0,47.54
4970,15,14,1,4,75,95.56,100,80,87.95
4971,26,3,0,5,92.5,30,0,100,53.25
4972,25,20,1,0,93.75,88.89,100,0,79.24
4973,7,1,1,4,35,10,100,80,46.0
4974,8,5,0,2,40,50,0,40,35.5
4975,81,78,0,5,23.75,24.44,0,100,30.68
4976,42,4,1,3,72.5,40,100,60,64.75
4977,100,23,0,4,0.0,85.56,0,80,41.95
4978,57,42,1,5,53.75,64.44,100,100,73.68
4979,19,2,1,1,95,20,100,20,58.5
4980,82,36,1,0,22.5,71.11,100,0,51.64
4981,64,57,1,4,45.0,47.78,100,80,62.22
4982,37,26,0,0,78.75,82.22,0,0,52.4
4983,92,58,0,5,10.0,46.67,0,100,34.33
4984,52,49,1,5,60.0,56.67,100,100,72.83
4985,17,5,1,0,85,50,100,0,63.0
4986,72,12,1,5,35.0,97.78,100,100,79.72
4987,81,61,1,0,23.75,43.33,100,0,42.29
4988,21,19,0,2,98.75,90.0,0,40,67.12
4989,3,2,1,0,15,20,100,0,31.5
4990,25,7,0,3,93.75,70,0,60,61.62
4991,30,3,0,2,87.5,30,0,40,42.75
4992,46,46,0,1,67.5,60.0,0,20,44.25
4993,45,26,0,3,68.75,82.22,0,60,58.4
4994,70,11,1,0,37.5,98.89,100,0,65.86
4995,27,6,0,0,91.25,60,0,0,48.38
4996,78,21,0,3,27.5,87.78,0,60,47.97
4997,15,4,1,1,75,40,100,20,59.5
4998,66,41,0,3,42.5,65.56,0,60,44.7
4999,64,45,1,0,45.0,61.11,100,0,54.89
5000,25,7,1,0,93.75,70,100,0,72.62
